  0
SECTION
  2
HEADER
  9
$ACADVER
  1
AC1032
  9
$ACADMAINTVER
 90
       55
  9
$DWGCODEPAGE
  3
ANSI_1252
  9
$LASTSAVEDBY
  1
japhy
  9
$REQUIREDVERSIONS
160
                 0
  9
$INSBASE
 10
0.0
 20
0.0
 30
0.0
  9
$EXTMIN
 10
0.0
 20
-6.0
 30
-0.0000000000000003
  9
$EXTMAX
 10
46.0
 20
10.0
 30
15.0
  9
$LIMMIN
 10
0.0
 20
0.0
  9
$LIMMAX
 10
12.0
 20
9.0
  9
$ORTHOMODE
 70
     0
  9
$REGENMODE
 70
     1
  9
$FILLMODE
 70
     1
  9
$QTEXTMODE
 70
     0
  9
$MIRRTEXT
 70
     0
  9
$LTSCALE
 40
1.0
  9
$ATTMODE
 70
     1
  9
$TEXTSIZE
 40
0.2
  9
$TRACEWID
 40
0.05
  9
$TEXTSTYLE
  7
Standard
  9
$CLAYER
  8
Default
  9
$CELTYPE
  6
ByLayer
  9
$CECOLOR
 62
   256
  9
$CELTSCALE
 40
1.0
  9
$DISPSILH
 70
     0
  9
$DIMSCALE
 40
1.0
  9
$DIMASZ
 40
0.18
  9
$DIMEXO
 40
0.0625
  9
$DIMDLI
 40
0.38
  9
$DIMRND
 40
0.0
  9
$DIMDLE
 40
0.0
  9
$DIMEXE
 40
0.18
  9
$DIMTP
 40
0.0
  9
$DIMTM
 40
0.0
  9
$DIMTXT
 40
0.18
  9
$DIMCEN
 40
0.09
  9
$DIMTSZ
 40
0.0
  9
$DIMTOL
 70
     0
  9
$DIMLIM
 70
     0
  9
$DIMTIH
 70
     1
  9
$DIMTOH
 70
     1
  9
$DIMSE1
 70
     0
  9
$DIMSE2
 70
     0
  9
$DIMTAD
 70
     0
  9
$DIMZIN
 70
     0
  9
$DIMBLK
  1

  9
$DIMASO
 70
     1
  9
$DIMSHO
 70
     1
  9
$DIMPOST
  1

  9
$DIMAPOST
  1

  9
$DIMALT
 70
     0
  9
$DIMALTD
 70
     2
  9
$DIMALTF
 40
25.4
  9
$DIMLFAC
 40
1.0
  9
$DIMTOFL
 70
     0
  9
$DIMTVP
 40
0.0
  9
$DIMTIX
 70
     0
  9
$DIMSOXD
 70
     0
  9
$DIMSAH
 70
     0
  9
$DIMBLK1
  1

  9
$DIMBLK2
  1

  9
$DIMSTYLE
  2
STANDARD_ACAD
  9
$DIMCLRD
 70
     0
  9
$DIMCLRE
 70
     0
  9
$DIMCLRT
 70
     0
  9
$DIMTFAC
 40
1.0
  9
$DIMGAP
 40
0.09
  9
$DIMJUST
 70
     0
  9
$DIMSD1
 70
     0
  9
$DIMSD2
 70
     0
  9
$DIMTOLJ
 70
     1
  9
$DIMTZIN
 70
     0
  9
$DIMALTZ
 70
     0
  9
$DIMALTTZ
 70
     0
  9
$DIMUPT
 70
     0
  9
$DIMDEC
 70
     4
  9
$DIMTDEC
 70
     4
  9
$DIMALTU
 70
     2
  9
$DIMALTTD
 70
     2
  9
$DIMTXSTY
  7
Standard
  9
$DIMAUNIT
 70
     0
  9
$DIMADEC
 70
     0
  9
$DIMALTRND
 40
0.0
  9
$DIMAZIN
 70
     0
  9
$DIMDSEP
 70
    46
  9
$DIMATFIT
 70
     3
  9
$DIMFRAC
 70
     0
  9
$DIMLDRBLK
  1

  9
$DIMLUNIT
 70
     2
  9
$DIMLWD
 70
    -2
  9
$DIMLWE
 70
    -2
  9
$DIMTMOVE
 70
     2
  9
$DIMFXL
 40
1.0
  9
$DIMFXLON
 70
     0
  9
$DIMJOGANG
 40
0.7853981633974483
  9
$DIMTFILL
 70
     0
  9
$DIMTFILLCLR
 70
     0
  9
$DIMARCSYM
 70
     0
  9
$DIMLTYPE
  6

  9
$DIMLTEX1
  6

  9
$DIMLTEX2
  6

  9
$DIMTXTDIRECTION
 70
     0
  9
$LUNITS
 70
     2
  9
$LUPREC
 70
     3
  9
$SKETCHINC
 40
0.1
  9
$FILLETRAD
 40
0.0
  9
$AUNITS
 70
     0
  9
$AUPREC
 70
     0
  9
$MENU
  1
.
  9
$ELEVATION
 40
0.0
  9
$PELEVATION
 40
0.0
  9
$THICKNESS
 40
0.0
  9
$LIMCHECK
 70
     0
  9
$CHAMFERA
 40
0.0
  9
$CHAMFERB
 40
0.0
  9
$CHAMFERC
 40
0.0
  9
$CHAMFERD
 40
0.0
  9
$SKPOLY
 70
     0
  9
$TDCREATE
 40
2461299.74546948
  9
$TDUCREATE
 40
2461299.953802813
  9
$TDUPDATE
 40
2461299.74546978
  9
$TDUUPDATE
 40
2461299.953803113
  9
$TDINDWG
 40
0.0000000116
  9
$TDUSRTIMER
 40
0.0000000116
  9
$USRTIMER
 70
     1
  9
$ANGBASE
 50
0.0
  9
$ANGDIR
 70
     0
  9
$PDMODE
 70
     0
  9
$PDSIZE
 40
0.0
  9
$PLINEWID
 40
0.0
  9
$SPLFRAME
 70
     0
  9
$SPLINETYPE
 70
     6
  9
$SPLINESEGS
 70
     8
  9
$HANDSEED
  5
70
  9
$SURFTAB1
 70
     6
  9
$SURFTAB2
 70
     6
  9
$SURFTYPE
 70
     6
  9
$SURFU
 70
     6
  9
$SURFV
 70
     6
  9
$UCSBASE
  2

  9
$UCSNAME
  2

  9
$UCSORG
 10
0.0
 20
0.0
 30
0.0
  9
$UCSXDIR
 10
1.0
 20
0.0
 30
0.0
  9
$UCSYDIR
 10
0.0
 20
1.0
 30
0.0
  9
$UCSORTHOREF
  2

  9
$UCSORTHOVIEW
 70
     0
  9
$UCSORGTOP
 10
0.0
 20
0.0
 30
0.0
  9
$UCSORGBOTTOM
 10
0.0
 20
0.0
 30
0.0
  9
$UCSORGLEFT
 10
0.0
 20
0.0
 30
0.0
  9
$UCSORGRIGHT
 10
0.0
 20
0.0
 30
0.0
  9
$UCSORGFRONT
 10
0.0
 20
0.0
 30
0.0
  9
$UCSORGBACK
 10
0.0
 20
0.0
 30
0.0
  9
$PUCSBASE
  2

  9
$PUCSNAME
  2

  9
$PUCSORG
 10
0.0
 20
0.0
 30
0.0
  9
$PUCSXDIR
 10
1.0
 20
0.0
 30
0.0
  9
$PUCSYDIR
 10
0.0
 20
1.0
 30
0.0
  9
$PUCSORTHOREF
  2

  9
$PUCSORTHOVIEW
 70
     0
  9
$PUCSORGTOP
 10
0.0
 20
0.0
 30
0.0
  9
$PUCSORGBOTTOM
 10
0.0
 20
0.0
 30
0.0
  9
$PUCSORGLEFT
 10
0.0
 20
0.0
 30
0.0
  9
$PUCSORGRIGHT
 10
0.0
 20
0.0
 30
0.0
  9
$PUCSORGFRONT
 10
0.0
 20
0.0
 30
0.0
  9
$PUCSORGBACK
 10
0.0
 20
0.0
 30
0.0
  9
$USERI1
 70
     0
  9
$USERI2
 70
     0
  9
$USERI3
 70
     0
  9
$USERI4
 70
     0
  9
$USERI5
 70
     0
  9
$USERR1
 40
0.0
  9
$USERR2
 40
0.0
  9
$USERR3
 40
0.0
  9
$USERR4
 40
0.0
  9
$USERR5
 40
0.0
  9
$WORLDVIEW
 70
     1
  9
$SHADEDGE
 70
     3
  9
$SHADEDIF
 70
    70
  9
$TILEMODE
 70
     1
  9
$MAXACTVP
 70
    64
  9
$PINSBASE
 10
0.0
 20
0.0
 30
0.0
  9
$PLIMCHECK
 70
     0
  9
$PEXTMIN
 10
1.000000000000000E+20
 20
1.000000000000000E+20
 30
1.000000000000000E+20
  9
$PEXTMAX
 10
-1.000000000000000E+20
 20
-1.000000000000000E+20
 30
-1.000000000000000E+20
  9
$PLIMMIN
 10
0.0
 20
0.0
  9
$PLIMMAX
 10
12.0
 20
9.0
  9
$UNITMODE
 70
     0
  9
$VISRETAIN
 70
     1
  9
$PLINEGEN
 70
     0
  9
$PSLTSCALE
 70
     1
  9
$TREEDEPTH
 70
  3020
  9
$CMLSTYLE
  2
Standard
  9
$CMLJUST
 70
     0
  9
$CMLSCALE
 40
1.0
  9
$PROXYGRAPHICS
 70
     1
  9
$MEASUREMENT
 70
     1
  9
$CELWEIGHT
370
    -1
  9
$ENDCAPS
280
     0
  9
$JOINSTYLE
280
     0
  9
$LWDISPLAY
290
     0
  9
$INSUNITS
 70
     4
  9
$HYPERLINKBASE
  1

  9
$STYLESHEET
  1

  9
$XEDIT
290
     1
  9
$CEPSNTYPE
380
     0
  9
$PSTYLEMODE
290
     1
  9
$FINGERPRINTGUID
  2
{7aee47d4-0f75-4c03-9a08-e49522328efb}
  9
$VERSIONGUID
  2
{FAEB1C32-E019-11D5-929B-00C0DF256EC4}
  9
$EXTNAMES
290
     1
  9
$PSVPSCALE
 40
0.0
  9
$OLESTARTUP
290
     0
  9
$SORTENTS
280
   127
  9
$INDEXCTL
280
     0
  9
$HIDETEXT
280
     1
  9
$XCLIPFRAME
280
     2
  9
$HALOGAP
280
     0
  9
$OBSCOLOR
 70
   257
  9
$OBSLTYPE
280
     0
  9
$INTERSECTIONDISPLAY
280
     0
  9
$INTERSECTIONCOLOR
 70
   257
  9
$DIMASSOC
280
     2
  9
$PROJECTNAME
  1

  9
$CAMERADISPLAY
290
     0
  9
$LENSLENGTH
 40
50.0
  9
$CAMERAHEIGHT
 40
0.0
  9
$STEPSPERSEC
 40
2.0
  9
$STEPSIZE
 40
6.0
  9
$3DDWFPREC
 40
2.0
  9
$PSOLWIDTH
 40
0.25
  9
$PSOLHEIGHT
 40
4.0
  9
$LOFTANG1
 40
1.570796326794897
  9
$LOFTANG2
 40
1.570796326794897
  9
$LOFTMAG1
 40
0.0
  9
$LOFTMAG2
 40
0.0
  9
$LOFTPARAM
 70
     7
  9
$LOFTNORMALS
280
     1
  9
$LATITUDE
 40
37.795
  9
$LONGITUDE
 40
-122.394
  9
$NORTHDIRECTION
 40
0.0
  9
$TIMEZONE
 70
 -8000
  9
$LIGHTGLYPHDISPLAY
280
     1
  9
$TILEMODELIGHTSYNCH
280
     1
  9
$CMATERIAL
347
44
  9
$SOLIDHIST
280
     0
  9
$SHOWHIST
280
     1
  9
$DWFFRAME
280
     2
  9
$DGNFRAME
280
     2
  9
$REALWORLDSCALE
290
     1
  9
$INTERFERECOLOR
 62
   256
  9
$CSHADOW
280
     0
  9
$SHADOWPLANELOCATION
 40
0.0
  0
ENDSEC
  0
SECTION
  2
CLASSES
  0
CLASS
  1
ACDBDICTIONARYWDFLT
  2
AcDbDictionaryWithDefault
  3
ObjectDBX Classes
 90
        0
 91
        3
280
     0
281
     0
  0
CLASS
  1
VISUALSTYLE
  2
AcDbVisualStyle
  3
ObjectDBX Classes
 90
     4095
 91
        3
280
     0
281
     0
  0
CLASS
  1
MATERIAL
  2
AcDbMaterial
  3
ObjectDBX Classes
 90
     1153
 91
        3
280
     0
281
     0
  0
CLASS
  1
SCALE
  2
AcDbScale
  3
ObjectDBX Classes
 90
     1153
 91
        3
280
     0
281
     0
  0
CLASS
  1
TABLESTYLE
  2
AcDbTableStyle
  3
ObjectDBX Classes
 90
     4095
 91
        3
280
     0
281
     0
  0
CLASS
  1
MLEADERSTYLE
  2
AcDbMLeaderStyle
  3
ACDB_MLEADERSTYLE_CLASS
 90
     4095
 91
        3
280
     0
281
     0
  0
CLASS
  1
ACDBDETAILVIEWSTYLE
  2
AcDbDetailViewStyle
  3
ObjectDBX Classes
 90
     1025
 91
        3
280
     0
281
     0
  0
CLASS
  1
ACDBSECTIONVIEWSTYLE
  2
AcDbSectionViewStyle
  3
ObjectDBX Classes
 90
     1025
 91
        3
280
     0
281
     0
  0
CLASS
  1
SUN
  2
AcDbSun
  3
SCENEOE
 90
     1153
 91
        3
280
     0
281
     0
  0
CLASS
  1
DICTIONARYVAR
  2
AcDbDictionaryVar
  3
ObjectDBX Classes
 90
        0
 91
        3
280
     0
281
     0
  0
CLASS
  1
CELLSTYLEMAP
  2
AcDbCellStyleMap
  3
ObjectDBX Classes
 90
     1152
 91
        3
280
     0
281
     0
  0
ENDSEC
  0
SECTION
  2
TABLES
  0
TABLE
  2
VPORT
  5
8
330
0
100
AcDbSymbolTable
 70
     1
  0
VPORT
  5
29
330
8
100
AcDbSymbolTableRecord
100
AcDbViewportTableRecord
  2
*Active
 70
     0
 10
0.0
 20
0.0
 11
1.0
 21
1.0
 12
10.42990654205607
 22
4.5
 13
0.0
 23
0.0
 14
0.5
 24
0.5
 15
0.5
 25
0.5
 16
0.0
 26
0.0
 36
1.0
 17
0.0
 27
0.0
 37
0.0
 40
9.0
 41
1.972972972850329
 42
50.0
 43
0.0
 44
0.0
 50
0.0
 51
0.0
 71
     0
 72
   100
 73
     1
 74
     3
 75
     0
 76
     0
 77
     0
 78
     0
281
     0
 65
     1
110
0.0
120
0.0
130
0.0
111
1.0
121
0.0
131
0.0
112
0.0
122
1.0
132
0.0
 79
     0
146
0.0
348
2F
 60
     3
 61
     5
292
     1
282
     1
141
0.0
142
0.0
 63
   250
361
61
  0
ENDTAB
  0
TABLE
  2
LTYPE
  5
5
330
0
100
AcDbSymbolTable
 70
     1
  0
LTYPE
  5
14
330
5
100
AcDbSymbolTableRecord
100
AcDbLinetypeTableRecord
  2
ByBlock
 70
     0
  3

 72
    65
 73
     0
 40
0.0
  0
LTYPE
  5
15
330
5
100
AcDbSymbolTableRecord
100
AcDbLinetypeTableRecord
  2
ByLayer
 70
     0
  3

 72
    65
 73
     0
 40
0.0
  0
LTYPE
  5
16
330
5
100
AcDbSymbolTableRecord
100
AcDbLinetypeTableRecord
  2
Continuous
 70
     0
  3
Solid line
 72
    65
 73
     0
 40
0.0
  0
ENDTAB
  0
TABLE
  2
LAYER
  5
2
330
0
100
AcDbSymbolTable
 70
     2
  0
LAYER
  5
10
330
2
100
AcDbSymbolTableRecord
100
AcDbLayerTableRecord
  2
0
 70
     0
 62
     7
  6
Continuous
370
    -3
390
F
347
46
348
0
  0
LAYER
  5
63
330
2
100
AcDbSymbolTableRecord
100
AcDbLayerTableRecord
  2
Default
 70
     0
 62
     7
  6
Continuous
370
    -3
390
F
347
46
348
0
1001
AcCmTransparency
1071
 33554687
  0
ENDTAB
  0
TABLE
  2
STYLE
  5
3
330
0
100
AcDbSymbolTable
 70
     1
  0
STYLE
  5
11
330
3
100
AcDbSymbolTableRecord
100
AcDbTextStyleTableRecord
  2
Standard
 70
     0
 40
0.0
 41
1.0
 50
0.0
 71
     0
 42
0.2
  3
txt
  4

  0
ENDTAB
  0
TABLE
  2
VIEW
  5
6
330
0
100
AcDbSymbolTable
 70
     0
  0
ENDTAB
  0
TABLE
  2
UCS
  5
7
330
0
100
AcDbSymbolTable
 70
     0
  0
ENDTAB
  0
TABLE
  2
APPID
  5
9
330
0
100
AcDbSymbolTable
 70
     3
  0
APPID
  5
12
330
9
100
AcDbSymbolTableRecord
100
AcDbRegAppTableRecord
  2
ACAD
 70
     0
  0
APPID
  5
62
330
9
100
AcDbSymbolTableRecord
100
AcDbRegAppTableRecord
  2
Rhino
 70
     0
  0
APPID
  5
64
330
9
100
AcDbSymbolTableRecord
100
AcDbRegAppTableRecord
  2
AcCmTransparency
 70
     0
  0
ENDTAB
  0
TABLE
  2
DIMSTYLE
  5
A
330
0
100
AcDbSymbolTable
 70
     1
100
AcDbDimStyleTable
  0
DIMSTYLE
105
27
330
A
100
AcDbSymbolTableRecord
100
AcDbDimStyleTableRecord
  2
STANDARD_ACAD
 70
     0
178
     0
340
11
  0
ENDTAB
  0
TABLE
  2
BLOCK_RECORD
  5
1
330
0
100
AcDbSymbolTable
 70
     1
  0
BLOCK_RECORD
  5
1F
330
1
100
AcDbSymbolTableRecord
100
AcDbBlockTableRecord
  2
*Model_Space
340
22
 70
     0
280
     1
281
     0
  0
BLOCK_RECORD
  5
1B
330
1
100
AcDbSymbolTableRecord
100
AcDbBlockTableRecord
  2
*Paper_Space
340
1E
 70
     0
280
     1
281
     0
  0
BLOCK_RECORD
  5
23
330
1
100
AcDbSymbolTableRecord
100
AcDbBlockTableRecord
  2
*Paper_Space0
340
26
 70
     0
280
     1
281
     0
  0
ENDTAB
  0
ENDSEC
  0
SECTION
  2
BLOCKS
  0
BLOCK
  5
20
330
1F
100
AcDbEntity
  8
0
100
AcDbBlockBegin
  2
*Model_Space
 70
     0
 10
0.0
 20
0.0
 30
0.0
  3
*Model_Space
  1

  0
ENDBLK
  5
21
330
1F
100
AcDbEntity
  8
0
100
AcDbBlockEnd
  0
BLOCK
  5
1C
330
1B
100
AcDbEntity
 67
     1
  8
0
100
AcDbBlockBegin
  2
*Paper_Space
 70
     0
 10
0.0
 20
0.0
 30
0.0
  3
*Paper_Space
  1

  0
ENDBLK
  5
1D
330
1B
100
AcDbEntity
 67
     1
  8
0
100
AcDbBlockEnd
  0
BLOCK
  5
24
330
23
100
AcDbEntity
  8
0
100
AcDbBlockBegin
  2
*Paper_Space0
 70
     0
 10
0.0
 20
0.0
 30
0.0
  3
*Paper_Space0
  1

  0
ENDBLK
  5
25
330
23
100
AcDbEntity
  8
0
100
AcDbBlockEnd
  0
ENDSEC
  0
SECTION
  2
ENTITIES
  0
3DSOLID
  5
65
330
1F
100
AcDbEntity
  8
Default
100
AcDbModelerGeometry
290
     1
  2
{cf4c660d-7cf3-40b0-b2fa-315f2ec5a17f}
100
AcDb3dSolid
350
0
  0
3DSOLID
  5
66
330
1F
100
AcDbEntity
  8
Default
100
AcDbModelerGeometry
290
     1
  2
{c5c20691-9f4c-400b-9203-441b9f6ab8d4}
100
AcDb3dSolid
350
0
  0
ENDSEC
  0
SECTION
  2
OBJECTS
  0
DICTIONARY
  5
C
330
0
100
AcDbDictionary
281
     1
  3
ACAD_DETAILVIEWSTYLE
350
5D
  3
ACAD_GROUP
350
D
  3
ACAD_LAYOUT
350
1A
  3
ACAD_MATERIAL
350
43
  3
ACAD_MLEADERSTYLE
350
5B
  3
ACAD_MLINESTYLE
350
17
  3
ACAD_PLOTSETTINGS
350
19
  3
ACAD_PLOTSTYLENAME
350
E
  3
ACAD_SCALELIST
350
47
  3
ACAD_SECTIONVIEWSTYLE
350
5F
  3
ACAD_TABLESTYLE
350
59
  3
ACAD_VISUALSTYLE
350
2A
  3
ACDB_RECOMPOSE_DATA
350
6B
  3
AcDbVariableDictionary
350
67
  0
SUN
  5
61
330
29
100
AcDbSun
 90
        1
290
     0
 63
     7
421
 16777215
 40
1.0
291
     1
 91
  2455826
 92
 54000000
292
     0
 70
     2
 71
   256
280
     1
  0
DICTIONARY
  5
5D
102
{ACAD_REACTORS
330
C
102
}
330
C
100
AcDbDictionary
281
     1
  3
Imperial24
350
5E
  0
DICTIONARY
  5
D
102
{ACAD_REACTORS
330
C
102
}
330
C
100
AcDbDictionary
281
     1
  0
DICTIONARY
  5
1A
102
{ACAD_REACTORS
330
C
102
}
330
C
100
AcDbDictionary
281
     1
  3
Layout1
350
1E
  3
Layout2
350
26
  3
Model
350
22
  0
DICTIONARY
  5
43
102
{ACAD_REACTORS
330
C
102
}
330
C
100
AcDbDictionary
281
     1
  3
ByBlock
350
45
  3
ByLayer
350
44
  3
Global
350
46
  0
DICTIONARY
  5
5B
102
{ACAD_REACTORS
330
C
102
}
330
C
100
AcDbDictionary
281
     1
  3
Standard
350
5C
  0
DICTIONARY
  5
17
102
{ACAD_REACTORS
330
C
102
}
330
C
100
AcDbDictionary
281
     1
  3
Standard
350
18
  0
DICTIONARY
  5
19
102
{ACAD_REACTORS
330
C
102
}
330
C
100
AcDbDictionary
281
     1
  0
ACDBDICTIONARYWDFLT
  5
E
102
{ACAD_REACTORS
330
C
102
}
330
C
100
AcDbDictionary
281
     1
  3
Normal
350
F
100
AcDbDictionaryWithDefault
340
F
  0
DICTIONARY
  5
47
102
{ACAD_REACTORS
330
C
102
}
330
C
100
AcDbDictionary
281
     1
  3
A0
350
48
  3
A1
350
49
  3
A2
350
4A
  3
A3
350
4B
  3
A4
350
4C
  3
A5
350
4D
  3
A6
350
4E
  3
A7
350
4F
  3
A8
350
50
  3
A9
350
51
  3
B1
350
52
  3
B2
350
53
  3
B3
350
54
  3
B4
350
55
  3
B5
350
56
  3
B6
350
57
  3
B7
350
58
  0
DICTIONARY
  5
5F
102
{ACAD_REACTORS
330
C
102
}
330
C
100
AcDbDictionary
281
     1
  3
Imperial24
350
60
  0
DICTIONARY
  5
59
102
{ACAD_REACTORS
330
C
102
}
330
C
100
AcDbDictionary
281
     1
  3
Standard
350
5A
  0
DICTIONARY
  5
2A
102
{ACAD_REACTORS
330
C
102
}
330
C
100
AcDbDictionary
281
     1
  3
2dWireframe
350
2F
  3
Basic
350
32
  3
Brighten
350
36
  3
ColorChange
350
3A
  3
Conceptual
350
34
  3
Dim
350
35
  3
EdgeColorOff
350
3D
  3
Facepattern
350
39
  3
Flat
350
2B
  3
FlatWithEdges
350
2C
  3
Gouraud
350
2D
  3
GouraudWithEdges
350
2E
  3
Hidden
350
31
  3
JitterOff
350
3B
  3
Linepattern
350
38
  3
OverhangOff
350
3C
  3
Realistic
350
33
  3
Shaded
350
42
  3
Shaded with edges
350
41
  3
Shades of Gray
350
3E
  3
Sketchy
350
3F
  3
Thicken
350
37
  3
Wireframe
350
30
  3
X-Ray
350
40
  0
XRECORD
  5
6B
102
{ACAD_REACTORS
330
C
102
}
330
C
100
AcDbXrecord
280
     1
 90
        1
330
5A
  0
DICTIONARY
  5
67
102
{ACAD_REACTORS
330
C
102
}
330
C
100
AcDbDictionary
281
     1
  3
CANNOSCALE
350
68
  3
CMLEADERSTYLE
350
6D
  3
CTABLESTYLE
350
6C
  3
CVIEWDETAILSTYLE
350
6E
  3
CVIEWSECTIONSTYLE
350
6F
  0
ACDBDETAILVIEWSTYLE
  5
5E
102
{ACAD_REACTORS
330
5D
102
}
330
5D
100
AcDbModelDocViewStyle
 70
     0
  3
Imperial24
290
     0
300
Imperial24
 90
        0
100
AcDbDetailViewStyle
 70
     0
 71
     0
 90
        3
 71
     1
340
11
 62
   256
 40
0.24
340
0
 62
   256
 40
0.24
300

 40
0.36
280
     3
 71
     2
340
16
 90
       25
 62
   256
 71
     3
340
11
 62
   256
 40
0.24
 90
        1
 40
0.75
 90
        1
300
%<\AcVar ViewType \f "%tc1">% %<\AcVar ViewDetailId>%\PSCALE %<\AcVar ViewScale \f "%sn">%
 71
     4
340
16
 90
       25
 62
   256
340
16
 90
       25
 62
   256
280
     0
  0
LAYOUT
  5
1E
102
{ACAD_REACTORS
330
1A
102
}
330
1A
100
AcDbPlotSettings
  1

  2
none_device
  4

  6

 40
0.0
 41
0.0
 42
0.0
 43
0.0
 44
0.0
 45
0.0
 46
0.0
 47
0.0
 48
0.0
 49
0.0
140
0.0
141
0.0
142
1.0
143
1.0
 70
   688
 72
     0
 73
     0
 74
     5
  7

 75
    16
 76
     0
 77
     2
 78
   300
147
1.0
148
0.0
149
0.0
100
AcDbLayout
  1
Layout1
 70
     1
 71
     1
 10
0.0
 20
0.0
 11
12.0
 21
9.0
 12
0.0
 22
0.0
 32
0.0
 14
1.000000000000000E+20
 24
1.000000000000000E+20
 34
1.000000000000000E+20
 15
-1.000000000000000E+20
 25
-1.000000000000000E+20
 35
-1.000000000000000E+20
146
0.0
 13
0.0
 23
0.0
 33
0.0
 16
1.0
 26
0.0
 36
0.0
 17
0.0
 27
1.0
 37
0.0
 76
     0
330
1B
  0
LAYOUT
  5
26
102
{ACAD_REACTORS
330
1A
102
}
330
1A
100
AcDbPlotSettings
  1

  2
none_device
  4

  6

 40
0.0
 41
0.0
 42
0.0
 43
0.0
 44
0.0
 45
0.0
 46
0.0
 47
0.0
 48
0.0
 49
0.0
140
0.0
141
0.0
142
1.0
143
1.0
 70
   688
 72
     0
 73
     0
 74
     5
  7

 75
    16
 76
     0
 77
     2
 78
   300
147
1.0
148
0.0
149
0.0
100
AcDbLayout
  1
Layout2
 70
     1
 71
     2
 10
0.0
 20
0.0
 11
0.0
 21
0.0
 12
0.0
 22
0.0
 32
0.0
 14
0.0
 24
0.0
 34
0.0
 15
0.0
 25
0.0
 35
0.0
146
0.0
 13
0.0
 23
0.0
 33
0.0
 16
1.0
 26
0.0
 36
0.0
 17
0.0
 27
1.0
 37
0.0
 76
     0
330
23
  0
LAYOUT
  5
22
102
{ACAD_REACTORS
330
1A
102
}
330
1A
100
AcDbPlotSettings
  1

  2
none_device
  4
Letter_(8.50_x_11.00_Inches)
  6

 40
6.35
 41
6.35
 42
6.35000508
 43
6.35000508
 44
215.9
 45
279.4
 46
0.0
 47
0.0
 48
0.0
 49
0.0
140
0.0
141
0.0
142
1.0
143
1.0
 70
  1712
 72
     0
 73
     0
 74
     0
  7

 75
     0
 76
     0
 77
     2
 78
   300
147
1.0
148
0.0
149
0.0
100
AcDbLayout
  1
Model
 70
     1
 71
     0
 10
0.0
 20
0.0
 11
12.0
 21
9.0
 12
0.0
 22
0.0
 32
0.0
 14
0.0
 24
-6.0
 34
-0.0000000000000003
 15
46.0
 25
10.0
 35
15.0
146
0.0
 13
0.0
 23
0.0
 33
0.0
 16
1.0
 26
0.0
 36
0.0
 17
0.0
 27
1.0
 37
0.0
 76
     0
330
1F
331
29
  0
MATERIAL
  5
45
102
{ACAD_REACTORS
330
43
102
}
330
43
100
AcDbMaterial
  1
ByBlock
 72
     1
 94
      127
  0
MATERIAL
  5
44
102
{ACAD_REACTORS
330
43
102
}
330
43
100
AcDbMaterial
  1
ByLayer
 72
     1
 94
      127
  0
MATERIAL
  5
46
102
{ACAD_REACTORS
330
43
102
}
330
43
100
AcDbMaterial
  1
Global
 72
     1
 94
      127
  0
MLEADERSTYLE
  5
5C
102
{ACAD_REACTORS
330
5B
102
}
330
5B
100
AcDbMLeaderStyle
179
     2
170
     2
171
     1
172
     0
 90
        2
 40
0.0
 41
0.0
173
     1
 91
-1056964608
340
14
 92
       -2
290
     1
 42
0.09
291
     1
 43
0.36
  3
Standard
341
0
 44
0.18
300

342
11
174
     1
178
     6
175
     1
176
     0
 93
-1056964608
 45
0.18
292
     0
297
     0
 46
0.18
343
0
 94
-1056964608
 47
1.0
 49
1.0
140
1.0
293
     1
141
0.0
294
     1
177
     0
142
1.0
295
     0
296
     0
143
0.125
271
     0
272
     9
273
     9
298
     0
  0
MLINESTYLE
  5
18
102
{ACAD_REACTORS
330
17
102
}
330
17
100
AcDbMlineStyle
  2
Standard
 70
     0
  3

 62
   256
 51
90.0
 52
90.0
 71
     2
 49
0.5
 62
   256
  6
BYLAYER
 49
-0.5
 62
   256
  6
BYLAYER
  0
ACDBPLACEHOLDER
  5
F
102
{ACAD_REACTORS
330
E
102
}
330
E
  0
SCALE
  5
48
102
{ACAD_REACTORS
330
47
102
}
330
47
100
AcDbScale
 70
     0
300
1:1
140
1.0
141
1.0
290
     1
  0
SCALE
  5
49
102
{ACAD_REACTORS
330
47
102
}
330
47
100
AcDbScale
 70
     0
300
1/128" = 1'-0"
140
0.0078125
141
12.0
290
     0
  0
SCALE
  5
4A
102
{ACAD_REACTORS
330
47
102
}
330
47
100
AcDbScale
 70
     0
300
1/64" = 1'-0"
140
0.015625
141
12.0
290
     0
  0
SCALE
  5
4B
102
{ACAD_REACTORS
330
47
102
}
330
47
100
AcDbScale
 70
     0
300
1/32" = 1'-0"
140
0.03125
141
12.0
290
     0
  0
SCALE
  5
4C
102
{ACAD_REACTORS
330
47
102
}
330
47
100
AcDbScale
 70
     0
300
1/16" = 1'-0"
140
0.0625
141
12.0
290
     0
  0
SCALE
  5
4D
102
{ACAD_REACTORS
330
47
102
}
330
47
100
AcDbScale
 70
     0
300
3/32" = 1'-0"
140
0.09375
141
12.0
290
     0
  0
SCALE
  5
4E
102
{ACAD_REACTORS
330
47
102
}
330
47
100
AcDbScale
 70
     0
300
1/8" = 1'-0"
140
0.125
141
12.0
290
     0
  0
SCALE
  5
4F
102
{ACAD_REACTORS
330
47
102
}
330
47
100
AcDbScale
 70
     0
300
3/16" = 1'-0"
140
0.1875
141
12.0
290
     0
  0
SCALE
  5
50
102
{ACAD_REACTORS
330
47
102
}
330
47
100
AcDbScale
 70
     0
300
1/4" = 1'-0"
140
0.25
141
12.0
290
     0
  0
SCALE
  5
51
102
{ACAD_REACTORS
330
47
102
}
330
47
100
AcDbScale
 70
     0
300
3/8" = 1'-0"
140
0.375
141
12.0
290
     0
  0
SCALE
  5
52
102
{ACAD_REACTORS
330
47
102
}
330
47
100
AcDbScale
 70
     0
300
1/2" = 1'-0"
140
0.5
141
12.0
290
     0
  0
SCALE
  5
53
102
{ACAD_REACTORS
330
47
102
}
330
47
100
AcDbScale
 70
     0
300
3/4" = 1'-0"
140
0.75
141
12.0
290
     0
  0
SCALE
  5
54
102
{ACAD_REACTORS
330
47
102
}
330
47
100
AcDbScale
 70
     0
300
1" = 1'-0"
140
1.0
141
12.0
290
     0
  0
SCALE
  5
55
102
{ACAD_REACTORS
330
47
102
}
330
47
100
AcDbScale
 70
     0
300
1-1/2" = 1'-0"
140
1.5
141
12.0
290
     0
  0
SCALE
  5
56
102
{ACAD_REACTORS
330
47
102
}
330
47
100
AcDbScale
 70
     0
300
3" = 1'-0"
140
3.0
141
12.0
290
     0
  0
SCALE
  5
57
102
{ACAD_REACTORS
330
47
102
}
330
47
100
AcDbScale
 70
     0
300
6" = 1'-0"
140
6.0
141
12.0
290
     0
  0
SCALE
  5
58
102
{ACAD_REACTORS
330
47
102
}
330
47
100
AcDbScale
 70
     0
300
1'-0" = 1'-0"
140
12.0
141
12.0
290
     0
  0
ACDBSECTIONVIEWSTYLE
  5
60
102
{ACAD_REACTORS
330
5F
102
}
330
5F
100
AcDbModelDocViewStyle
 70
     0
  3
Imperial24
290
     0
300
Imperial24
 90
        0
100
AcDbSectionViewStyle
 70
     0
 71
     0
 90
       78
 71
     1
340
11
 62
   256
 40
0.24
340
0
340
0
 62
   256
 40
0.24
300
I, O, Q, S, X, Z
 40
0.48
 90
        3
 40
0.18
 90
        1
 71
     2
340
16
 90
       25
 62
   256
340
16
 90
       50
 62
   256
 40
0.24
 40
0.0
 40
0.24
 71
     3
340
11
 62
   256
 40
0.24
 90
        1
 40
0.75
 90
        1
300
%<\AcVar ViewType \f "%tc1">% %<\AcVar ViewSectionStartId>%-%<\AcVar ViewSectionEndId>%\PSCALE %<\AcVar ViewScale \f "%sn">%
 71
     4
 62
   256
 62
   257
300
ANSI31
 40
1.0
 90
        0
290
     0
290
     0
 90
        6
 40
0.0
 40
1.570796326794897
 40
0.2617993877991494
 40
1.308996938995747
 40
-0.2617993877991494
 40
1.832595714594046
  0
TABLESTYLE
  5
5A
102
{ACAD_REACTORS
330
59
102
}
102
{ACAD_XDICTIONARY
360
69
102
}
330
59
100
AcDbTableStyle
  3
Standard
 70
     0
 71
     0
 40
0.06
 41
0.06
280
     0
281
     0
  7
Standard
140
0.18
170
     2
 62
     0
 63
   257
283
     0
 90
        4
 91
        0
  1

274
    -2
284
     1
 64
     0
275
    -2
285
     1
 65
     0
276
    -2
286
     1
 66
     0
277
    -2
287
     1
 67
     0
278
    -2
288
     1
 68
     0
279
    -2
289
     1
 69
     0
  7
Standard
140
0.25
170
     5
 62
     0
 63
   257
283
     0
 90
        4
 91
        0
  1

274
    -2
284
     1
 64
     0
275
    -2
285
     1
 65
     0
276
    -2
286
     1
 66
     0
277
    -2
287
     1
 67
     0
278
    -2
288
     1
 68
     0
279
    -2
289
     1
 69
     0
  7
Standard
140
0.18
170
     5
 62
     0
 63
   257
283
     0
 90
        4
 91
        0
  1

274
    -2
284
     1
 64
     0
275
    -2
285
     1
 65
     0
276
    -2
286
     1
 66
     0
277
    -2
287
     1
 67
     0
278
    -2
288
     1
 68
     0
279
    -2
289
     1
 69
     0
  0
VISUALSTYLE
  5
2F
102
{ACAD_REACTORS
330
2A
102
}
330
2A
100
AcDbVisualStyle
  2
2dWireframe
 70
     4
177
     3
291
     0
 70
    58
 90
        0
176
     1
 90
        2
176
     1
 90
        0
176
     1
 90
        0
176
     1
 40
0.6
176
     1
 40
30.0
176
     1
 62
     7
420
 16777215
176
     1
 90
        1
176
     1
 90
        4
176
     1
 62
     7
176
     1
 62
   257
176
     1
 90
        1
176
     1
 90
        1
176
     1
 40
1.0
176
     1
 90
        0
176
     1
 62
   257
176
     1
 40
1.0
176
     1
 90
        1
176
     1
 90
        6
176
     1
 90
        2
176
     1
 62
     7
176
     1
 90
        5
176
     1
 90
        0
176
     1
 90
        0
176
     1
290
     0
176
     1
 90
        1
176
     1
 40
0.0
176
     1
 90
        0
176
     1
290
     1
176
     1
290
     1
176
     1
290
     0
176
     1
290
     0
176
     1
290
     0
176
     1
290
     0
176
     1
290
     0
176
     1
290
     0
176
     1
290
     0
176
     1
 90
       50
176
     1
 40
0.0
176
     1
 40
1.0
176
     1
 90
        0
176
     1
 62
    18
420
        0
176
     1
 90
       50
176
     1
 90
        3
176
     1
 62
     5
420
      255
176
     1
290
     0
176
     1
 90
       50
176
     1
 90
       50
176
     1
 90
       50
176
     1
290
     0
176
     1
 90
       50
176
     1
 62
   256
176
     0
 40
1.0
176
     0
 90
        2
176
     1
  1
strokes_ogs.tif
176
     1
290
     0
176
     1
 40
1.0
176
     1
 40
1.0
176
     1
  0
VISUALSTYLE
  5
32
102
{ACAD_REACTORS
330
2A
102
}
330
2A
100
AcDbVisualStyle
  2
Basic
 70
     7
177
     3
291
     1
 70
    58
 90
        1
176
     1
 90
        0
176
     1
 90
        1
176
     1
 90
        0
176
     1
 40
0.6
176
     1
 40
30.0
176
     1
 62
     7
420
 16777215
176
     1
 90
        0
176
     1
 90
        4
176
     1
 62
     7
176
     1
 62
   257
176
     1
 90
        1
176
     1
 90
        1
176
     1
 40
1.0
176
     1
 90
        8
176
     1
 62
     7
176
     1
 40
1.0
176
     1
 90
        1
176
     1
 90
        6
176
     1
 90
        2
176
     1
 62
     7
176
     1
 90
        5
176
     1
 90
        0
176
     1
 90
        0
176
     1
290
     0
176
     1
 90
        1
176
     1
 40
0.0
176
     1
 90
        0
176
     1
290
     0
176
     1
290
     1
176
     1
290
     1
176
     1
290
     0
176
     1
290
     0
176
     1
290
     0
176
     1
290
     0
176
     1
290
     0
176
     1
290
     0
176
     1
 90
       50
176
     1
 40
0.0
176
     1
 40
1.0
176
     1
 90
        0
176
     1
 62
    18
420
        0
176
     1
 90
       50
176
     1
 90
        3
176
     1
 62
     5
420
      255
176
     1
290
     0
176
     1
 90
       50
176
     1
 90
       50
176
     1
 90
       50
176
     1
290
     0
176
     1
 90
       50
176
     1
 62
   256
176
     0
 40
1.0
176
     0
 90
        2
176
     1
  1
strokes_ogs.tif
176
     1
290
     0
176
     1
 40
1.0
176
     1
 40
1.0
176
     1
  0
VISUALSTYLE
  5
36
102
{ACAD_REACTORS
330
2A
102
}
330
2A
100
AcDbVisualStyle
  2
Brighten
 70
    12
177
     3
291
     1
 70
    58
 90
        2
176
     1
 90
        2
176
     1
 90
        0
176
     1
 90
        0
176
     1
 40
0.6
176
     1
 40
30.0
176
     1
 62
     7
420
 16777215
176
     1
 90
        1
176
     1
 90
        4
176
     1
 62
     7
176
     1
 62
   257
176
     1
 90
        1
176
     1
 90
        1
176
     1
 40
1.0
176
     1
 90
        8
176
     1
 62
     7
176
     1
 40
1.0
176
     1
 90
        1
176
     1
 90
        6
176
     1
 90
        2
176
     1
 62
     7
176
     1
 90
        5
176
     1
 90
        0
176
     1
 90
        0
176
     1
290
     0
176
     1
 90
        1
176
     1
 40
50.0
176
     1
 90
        0
176
     1
290
     0
176
     1
290
     1
176
     1
290
     1
176
     1
290
     0
176
     1
290
     0
176
     1
290
     0
176
     1
290
     0
176
     1
290
     0
176
     1
290
     0
176
     1
 90
       50
176
     1
 40
0.0
176
     1
 40
1.0
176
     1
 90
        0
176
     1
 62
    18
420
        0
176
     1
 90
       50
176
     1
 90
        3
176
     1
 62
     5
420
      255
176
     1
290
     0
176
     1
 90
       50
176
     1
 90
       50
176
     1
 90
       50
176
     1
290
     0
176
     1
 90
       50
176
     1
 62
   256
176
     0
 40
1.0
176
     0
 90
        2
176
     1
  1
strokes_ogs.tif
176
     1
290
     0
176
     1
 40
1.0
176
     1
 40
1.0
176
     1
  0
VISUALSTYLE
  5
3A
102
{ACAD_REACTORS
330
2A
102
}
330
2A
100
AcDbVisualStyle
  2
ColorChange
 70
    16
177
     3
291
     1
 70
    58
 90
        2
176
     1
 90
        2
176
     1
 90
        3
176
     1
 90
        0
176
     1
 40
0.6
176
     1
 40
30.0
176
     1
 62
     8
420
  8421504
176
     1
 90
        1
176
     1
 90
        4
176
     1
 62
     7
176
     1
 62
   257
176
     1
 90
        1
176
     1
 90
        1
176
     1
 40
1.0
176
     1
 90
        8
176
     1
 62
     8
420
  8421504
176
     1
 40
1.0
176
     1
 90
        1
176
     1
 90
        6
176
     1
 90
        2
176
     1
 62
     7
176
     1
 90
        5
176
     1
 90
        0
176
     1
 90
        0
176
     1
290
     0
176
     1
 90
        1
176
     1
 40
0.0
176
     1
 90
        0
176
     1
290
     0
176
     1
290
     1
176
     1
290
     1
176
     1
290
     0
176
     1
290
     0
176
     1
290
     0
176
     1
290
     0
176
     1
290
     0
176
     1
290
     0
176
     1
 90
       50
176
     1
 40
0.0
176
     1
 40
1.0
176
     1
 90
        0
176
     1
 62
    18
420
        0
176
     1
 90
       50
176
     1
 90
        3
176
     1
 62
     5
420
      255
176
     1
290
     0
176
     1
 90
       50
176
     1
 90
       50
176
     1
 90
       50
176
     1
290
     0
176
     1
 90
       50
176
     1
 62
   256
176
     0
 40
1.0
176
     0
 90
        2
176
     1
  1
strokes_ogs.tif
176
     1
290
     0
176
     1
 40
1.0
176
     1
 40
1.0
176
     1
  0
VISUALSTYLE
  5
34
102
{ACAD_REACTORS
330
2A
102
}
330
2A
100
AcDbVisualStyle
  2
Conceptual
 70
     9
177
     3
291
     0
 70
    58
 90
        3
176
     1
 90
        2
176
     1
 90
        0
176
     1
 90
        0
176
     1
 40
0.6
176
     1
 40
30.0
176
     1
 62
     7
420
 16777215
176
     1
 90
        2
176
     1
 90
        2
176
     1
 62
     7
176
     1
 62
   257
176
     1
 90
        1
176
     1
 90
        1
176
     1
 40
179.0
176
     1
 90
        8
176
     1
 62
     7
176
     1
 40
1.0
176
     1
 90
        1
176
     1
 90
        6
176
     1
 90
        2
176
     1
 62
     7
176
     1
 90
        3
176
     1
 90
        0
176
     1
 90
        0
176
     1
290
     0
176
     1
 90
        1
176
     1
 40
0.0
176
     1
 90
        0
176
     1
290
     0
176
     1
290
     1
176
     1
290
     1
176
     1
290
     0
176
     1
290
     0
176
     1
290
     0
176
     1
290
     0
176
     1
290
     0
176
     1
290
     0
176
     1
 90
       50
176
     1
 40
0.0
176
     1
 40
1.0
176
     1
 90
        0
176
     1
 62
    18
420
        0
176
     1
 90
       50
176
     1
 90
        3
176
     1
 62
     5
420
      255
176
     1
290
     0
176
     1
 90
       50
176
     1
 90
       50
176
     1
 90
       50
176
     1
290
     0
176
     1
 90
       50
176
     1
 62
   256
176
     0
 40
1.0
176
     0
 90
        2
176
     1
  1
strokes_ogs.tif
176
     1
290
     0
176
     1
 40
1.0
176
     1
 40
1.0
176
     1
  0
VISUALSTYLE
  5
35
102
{ACAD_REACTORS
330
2A
102
}
330
2A
100
AcDbVisualStyle
  2
Dim
 70
    11
177
     3
291
     1
 70
    58
 90
        2
176
     1
 90
        2
176
     1
 90
        0
176
     1
 90
        0
176
     1
 40
0.6
176
     1
 40
30.0
176
     1
 62
     7
420
 16777215
176
     1
 90
        1
176
     1
 90
        4
176
     1
 62
     7
176
     1
 62
   257
176
     1
 90
        1
176
     1
 90
        1
176
     1
 40
1.0
176
     1
 90
        8
176
     1
 62
     7
176
     1
 40
1.0
176
     1
 90
        1
176
     1
 90
        6
176
     1
 90
        2
176
     1
 62
     7
176
     1
 90
        5
176
     1
 90
        0
176
     1
 90
        0
176
     1
290
     0
176
     1
 90
        1
176
     1
 40
-50.0
176
     1
 90
        0
176
     1
290
     0
176
     1
290
     1
176
     1
290
     1
176
     1
290
     0
176
     1
290
     0
176
     1
290
     0
176
     1
290
     0
176
     1
290
     0
176
     1
290
     0
176
     1
 90
       50
176
     1
 40
0.0
176
     1
 40
1.0
176
     1
 90
        0
176
     1
 62
    18
420
        0
176
     1
 90
       50
176
     1
 90
        3
176
     1
 62
     5
420
      255
176
     1
290
     0
176
     1
 90
       50
176
     1
 90
       50
176
     1
 90
       50
176
     1
290
     0
176
     1
 90
       50
176
     1
 62
   256
176
     0
 40
1.0
176
     0
 90
        2
176
     1
  1
strokes_ogs.tif
176
     1
290
     0
176
     1
 40
1.0
176
     1
 40
1.0
176
     1
  0
VISUALSTYLE
  5
3D
102
{ACAD_REACTORS
330
2A
102
}
330
2A
100
AcDbVisualStyle
  2
EdgeColorOff
 70
    22
177
     3
291
     1
 70
    58
 90
        2
176
     0
 90
        2
176
     0
 90
        0
176
     0
 90
        0
176
     0
 40
0.6
176
     0
 40
30.0
176
     0
 62
     7
420
 16777215
176
     0
 90
        1
176
     0
 90
        4
176
     0
 62
     7
176
     0
 62
   257
176
     0
 90
        1
176
     0
 90
        1
176
     0
 40
1.0
176
     0
 90
        8
176
     2
 62
     7
176
     0
 40
1.0
176
     0
 90
        1
176
     0
 90
        6
176
     0
 90
        2
176
     0
 62
     7
176
     0
 90
        5
176
     0
 90
        0
176
     0
 90
        0
176
     0
290
     0
176
     0
 90
        1
176
     0
 40
0.0
176
     0
 90
        0
176
     0
290
     0
176
     0
290
     1
176
     0
290
     1
176
     0
290
     0
176
     0
290
     0
176
     0
290
     0
176
     0
290
     0
176
     0
290
     0
176
     0
290
     0
176
     0
 90
       50
176
     0
 40
0.0
176
     0
 40
1.0
176
     0
 90
        0
176
     0
 62
    18
420
        0
176
     0
 90
       50
176
     0
 90
        3
176
     0
 62
     5
420
      255
176
     0
290
     0
176
     0
 90
       50
176
     0
 90
       50
176
     0
 90
       50
176
     0
290
     0
176
     0
 90
       50
176
     0
 62
   256
176
     0
 40
1.0
176
     0
 90
        2
176
     0
  1
strokes_ogs.tif
176
     0
290
     0
176
     0
 40
1.0
176
     0
 40
1.0
176
     0
  0
VISUALSTYLE
  5
39
102
{ACAD_REACTORS
330
2A
102
}
330
2A
100
AcDbVisualStyle
  2
Facepattern
 70
    15
177
     3
291
     1
 70
    58
 90
        2
176
     1
 90
        2
176
     1
 90
        0
176
     1
 90
        0
176
     1
 40
0.6
176
     1
 40
30.0
176
     1
 62
     7
420
 16777215
176
     1
 90
        1
176
     1
 90
        4
176
     1
 62
     7
176
     1
 62
   257
176
     1
 90
        1
176
     1
 90
        1
176
     1
 40
1.0
176
     1
 90
        8
176
     1
 62
     7
176
     1
 40
1.0
176
     1
 90
        1
176
     1
 90
        6
176
     1
 90
        2
176
     1
 62
     7
176
     1
 90
        5
176
     1
 90
        0
176
     1
 90
        0
176
     1
290
     0
176
     1
 90
        1
176
     1
 40
0.0
176
     1
 90
        0
176
     1
290
     0
176
     1
290
     1
176
     1
290
     1
176
     1
290
     0
176
     1
290
     0
176
     1
290
     0
176
     1
290
     0
176
     1
290
     0
176
     1
290
     0
176
     1
 90
       50
176
     1
 40
0.0
176
     1
 40
1.0
176
     1
 90
        0
176
     1
 62
    18
420
        0
176
     1
 90
       50
176
     1
 90
        3
176
     1
 62
     5
420
      255
176
     1
290
     0
176
     1
 90
       50
176
     1
 90
       50
176
     1
 90
       50
176
     1
290
     0
176
     1
 90
       50
176
     1
 62
   256
176
     0
 40
1.0
176
     0
 90
        2
176
     1
  1
strokes_ogs.tif
176
     1
290
     0
176
     1
 40
1.0
176
     1
 40
1.0
176
     1
  0
VISUALSTYLE
  5
2B
102
{ACAD_REACTORS
330
2A
102
}
330
2A
100
AcDbVisualStyle
  2
Flat
 70
     0
177
     3
291
     1
 70
    58
 90
        2
176
     1
 90
        1
176
     1
 90
        1
176
     1
 90
        2
176
     1
 40
0.6
176
     1
 40
30.0
176
     1
 62
     7
420
 16777215
176
     1
 90
        0
176
     1
 90
        0
176
     1
 62
     7
176
     1
 62
   257
176
     1
 90
        1
176
     1
 90
        1
176
     1
 40
1.0
176
     1
 90
        8
176
     1
 62
     7
176
     1
 40
1.0
176
     1
 90
        1
176
     1
 90
        6
176
     1
 90
        2
176
     1
 62
     7
176
     1
 90
        5
176
     1
 90
        0
176
     1
 90
        0
176
     1
290
     0
176
     1
 90
       13
176
     1
 40
0.0
176
     1
 90
        0
176
     1
290
     0
176
     1
290
     1
176
     1
290
     1
176
     1
290
     0
176
     1
290
     0
176
     1
290
     0
176
     1
290
     0
176
     1
290
     0
176
     1
290
     0
176
     1
 90
       50
176
     1
 40
0.0
176
     1
 40
1.0
176
     1
 90
        0
176
     1
 62
    18
420
        0
176
     1
 90
       50
176
     1
 90
        3
176
     1
 62
     5
420
      255
176
     1
290
     0
176
     1
 90
       50
176
     1
 90
       50
176
     1
 90
       50
176
     1
290
     0
176
     1
 90
       50
176
     1
 62
   256
176
     0
 40
1.0
176
     0
 90
        2
176
     1
  1
strokes_ogs.tif
176
     1
290
     0
176
     1
 40
1.0
176
     1
 40
1.0
176
     1
  0
VISUALSTYLE
  5
2C
102
{ACAD_REACTORS
330
2A
102
}
330
2A
100
AcDbVisualStyle
  2
FlatWithEdges
 70
     1
177
     3
291
     1
 70
    58
 90
        2
176
     1
 90
        1
176
     1
 90
        1
176
     1
 90
        2
176
     1
 40
0.6
176
     1
 40
30.0
176
     1
 62
     7
420
 16777215
176
     1
 90
        1
176
     1
 90
        0
176
     1
 62
     7
176
     1
 62
   257
176
     1
 90
        1
176
     1
 90
        1
176
     1
 40
1.0
176
     1
 90
        0
176
     1
 62
   257
176
     1
 40
1.0
176
     1
 90
        1
176
     1
 90
        6
176
     1
 90
        2
176
     1
 62
     7
176
     1
 90
        5
176
     1
 90
        0
176
     1
 90
        0
176
     1
290
     0
176
     1
 90
       13
176
     1
 40
0.0
176
     1
 90
        0
176
     1
290
     0
176
     1
290
     1
176
     1
290
     1
176
     1
290
     0
176
     1
290
     0
176
     1
290
     0
176
     1
290
     0
176
     1
290
     0
176
     1
290
     0
176
     1
 90
       50
176
     1
 40
0.0
176
     1
 40
1.0
176
     1
 90
        0
176
     1
 62
    18
420
        0
176
     1
 90
       50
176
     1
 90
        3
176
     1
 62
     5
420
      255
176
     1
290
     0
176
     1
 90
       50
176
     1
 90
       50
176
     1
 90
       50
176
     1
290
     0
176
     1
 90
       50
176
     1
 62
   256
176
     0
 40
1.0
176
     0
 90
        2
176
     1
  1
strokes_ogs.tif
176
     1
290
     0
176
     1
 40
1.0
176
     1
 40
1.0
176
     1
  0
VISUALSTYLE
  5
2D
102
{ACAD_REACTORS
330
2A
102
}
330
2A
100
AcDbVisualStyle
  2
Gouraud
 70
     2
177
     3
291
     1
 70
    58
 90
        2
176
     1
 90
        2
176
     1
 90
        1
176
     1
 90
        2
176
     1
 40
0.6
176
     1
 40
30.0
176
     1
 62
     7
420
 16777215
176
     1
 90
        0
176
     1
 90
        0
176
     1
 62
     7
176
     1
 62
   257
176
     1
 90
        1
176
     1
 90
        1
176
     1
 40
1.0
176
     1
 90
        0
176
     1
 62
     7
176
     1
 40
1.0
176
     1
 90
        1
176
     1
 90
        6
176
     1
 90
        2
176
     1
 62
     7
176
     1
 90
        5
176
     1
 90
        0
176
     1
 90
        0
176
     1
290
     0
176
     1
 90
       13
176
     1
 40
0.0
176
     1
 90
        0
176
     1
290
     0
176
     1
290
     1
176
     1
290
     1
176
     1
290
     0
176
     1
290
     0
176
     1
290
     0
176
     1
290
     0
176
     1
290
     0
176
     1
290
     0
176
     1
 90
       50
176
     1
 40
0.0
176
     1
 40
1.0
176
     1
 90
        0
176
     1
 62
    18
420
        0
176
     1
 90
       50
176
     1
 90
        3
176
     1
 62
     5
420
      255
176
     1
290
     0
176
     1
 90
       50
176
     1
 90
       50
176
     1
 90
       50
176
     1
290
     0
176
     1
 90
       50
176
     1
 62
   256
176
     0
 40
1.0
176
     0
 90
        2
176
     1
  1
strokes_ogs.tif
176
     1
290
     0
176
     1
 40
1.0
176
     1
 40
1.0
176
     1
  0
VISUALSTYLE
  5
2E
102
{ACAD_REACTORS
330
2A
102
}
330
2A
100
AcDbVisualStyle
  2
GouraudWithEdges
 70
     3
177
     3
291
     1
 70
    58
 90
        2
176
     1
 90
        2
176
     1
 90
        1
176
     1
 90
        2
176
     1
 40
0.6
176
     1
 40
30.0
176
     1
 62
     7
420
 16777215
176
     1
 90
        1
176
     1
 90
        0
176
     1
 62
     7
176
     1
 62
   257
176
     1
 90
        1
176
     1
 90
        1
176
     1
 40
1.0
176
     1
 90
        0
176
     1
 62
   257
176
     1
 40
1.0
176
     1
 90
        1
176
     1
 90
        6
176
     1
 90
        2
176
     1
 62
     7
176
     1
 90
        5
176
     1
 90
        0
176
     1
 90
        0
176
     1
290
     0
176
     1
 90
       13
176
     1
 40
0.0
176
     1
 90
        0
176
     1
290
     0
176
     1
290
     1
176
     1
290
     1
176
     1
290
     0
176
     1
290
     0
176
     1
290
     0
176
     1
290
     0
176
     1
290
     0
176
     1
290
     0
176
     1
 90
       50
176
     1
 40
0.0
176
     1
 40
1.0
176
     1
 90
        0
176
     1
 62
    18
420
        0
176
     1
 90
       50
176
     1
 90
        3
176
     1
 62
     5
420
      255
176
     1
290
     0
176
     1
 90
       50
176
     1
 90
       50
176
     1
 90
       50
176
     1
290
     0
176
     1
 90
       50
176
     1
 62
   256
176
     0
 40
1.0
176
     0
 90
        2
176
     1
  1
strokes_ogs.tif
176
     1
290
     0
176
     1
 40
1.0
176
     1
 40
1.0
176
     1
  0
VISUALSTYLE
  5
31
102
{ACAD_REACTORS
330
2A
102
}
330
2A
100
AcDbVisualStyle
  2
Hidden
 70
     6
177
     3
291
     0
 70
    58
 90
        1
176
     1
 90
        2
176
     1
 90
        2
176
     1
 90
        0
176
     1
 40
0.6
176
     1
 40
30.0
176
     1
 62
     7
420
 16777215
176
     1
 90
        2
176
     1
 90
        2
176
     1
 62
     7
176
     1
 62
   257
176
     1
 90
        2
176
     1
 90
        1
176
     1
 40
40.0
176
     1
 90
        0
176
     1
 62
   257
176
     1
 40
1.0
176
     1
 90
        1
176
     1
 90
        6
176
     1
 90
        2
176
     1
 62
     7
176
     1
 90
        3
176
     1
 90
        0
176
     1
 90
        0
176
     1
290
     0
176
     1
 90
        1
176
     1
 40
0.0
176
     1
 90
        0
176
     1
290
     0
176
     1
290
     1
176
     1
290
     1
176
     1
290
     0
176
     1
290
     0
176
     1
290
     0
176
     1
290
     0
176
     1
290
     0
176
     1
290
     0
176
     1
 90
       50
176
     1
 40
0.0
176
     1
 40
1.0
176
     1
 90
        0
176
     1
 62
    18
420
        0
176
     1
 90
       50
176
     1
 90
        3
176
     1
 62
     5
420
      255
176
     1
290
     0
176
     1
 90
       50
176
     1
 90
       50
176
     1
 90
       50
176
     1
290
     0
176
     1
 90
       50
176
     1
 62
   256
176
     0
 40
1.0
176
     0
 90
        2
176
     1
  1
strokes_ogs.tif
176
     1
290
     0
176
     1
 40
1.0
176
     1
 40
1.0
176
     1
  0
VISUALSTYLE
  5
3B
102
{ACAD_REACTORS
330
2A
102
}
330
2A
100
AcDbVisualStyle
  2
JitterOff
 70
    20
177
     3
291
     1
 70
    58
 90
        2
176
     0
 90
        2
176
     0
 90
        0
176
     0
 90
        0
176
     0
 40
0.6
176
     0
 40
30.0
176
     0
 62
     7
420
 16777215
176
     0
 90
        1
176
     0
 90
        4
176
     0
 62
     7
176
     0
 62
   257
176
     0
 90
        1
176
     0
 90
        1
176
     0
 40
1.0
176
     0
 90
       10
176
     2
 62
     7
176
     0
 40
1.0
176
     0
 90
        1
176
     0
 90
        6
176
     0
 90
        2
176
     0
 62
     7
176
     0
 90
        5
176
     0
 90
        0
176
     0
 90
        0
176
     0
290
     0
176
     0
 90
        1
176
     0
 40
0.0
176
     0
 90
        0
176
     0
290
     0
176
     0
290
     1
176
     0
290
     1
176
     0
290
     0
176
     0
290
     0
176
     0
290
     0
176
     0
290
     0
176
     0
290
     0
176
     0
290
     0
176
     0
 90
       50
176
     0
 40
0.0
176
     0
 40
1.0
176
     0
 90
        0
176
     0
 62
    18
420
        0
176
     0
 90
       50
176
     0
 90
        3
176
     0
 62
     5
420
      255
176
     0
290
     0
176
     0
 90
       50
176
     0
 90
       50
176
     0
 90
       50
176
     0
290
     0
176
     0
 90
       50
176
     0
 62
   256
176
     0
 40
1.0
176
     0
 90
        2
176
     0
  1
strokes_ogs.tif
176
     0
290
     0
176
     0
 40
1.0
176
     0
 40
1.0
176
     0
  0
VISUALSTYLE
  5
38
102
{ACAD_REACTORS
330
2A
102
}
330
2A
100
AcDbVisualStyle
  2
Linepattern
 70
    14
177
     3
291
     1
 70
    58
 90
        2
176
     1
 90
        2
176
     1
 90
        0
176
     1
 90
        0
176
     1
 40
0.6
176
     1
 40
30.0
176
     1
 62
     7
420
 16777215
176
     1
 90
        1
176
     1
 90
        4
176
     1
 62
     7
176
     1
 62
   257
176
     1
 90
        7
176
     1
 90
        7
176
     1
 40
1.0
176
     1
 90
        8
176
     1
 62
     7
176
     1
 40
1.0
176
     1
 90
        1
176
     1
 90
        6
176
     1
 90
        2
176
     1
 62
     7
176
     1
 90
        5
176
     1
 90
        0
176
     1
 90
        0
176
     1
290
     0
176
     1
 90
        1
176
     1
 40
0.0
176
     1
 90
        0
176
     1
290
     0
176
     1
290
     1
176
     1
290
     1
176
     1
290
     0
176
     1
290
     0
176
     1
290
     0
176
     1
290
     0
176
     1
290
     0
176
     1
290
     0
176
     1
 90
       50
176
     1
 40
0.0
176
     1
 40
1.0
176
     1
 90
        0
176
     1
 62
    18
420
        0
176
     1
 90
       50
176
     1
 90
        3
176
     1
 62
     5
420
      255
176
     1
290
     0
176
     1
 90
       50
176
     1
 90
       50
176
     1
 90
       50
176
     1
290
     0
176
     1
 90
       50
176
     1
 62
   256
176
     0
 40
1.0
176
     0
 90
        2
176
     1
  1
strokes_ogs.tif
176
     1
290
     0
176
     1
 40
1.0
176
     1
 40
1.0
176
     1
  0
VISUALSTYLE
  5
3C
102
{ACAD_REACTORS
330
2A
102
}
330
2A
100
AcDbVisualStyle
  2
OverhangOff
 70
    21
177
     3
291
     1
 70
    58
 90
        2
176
     0
 90
        2
176
     0
 90
        0
176
     0
 90
        0
176
     0
 40
0.6
176
     0
 40
30.0
176
     0
 62
     7
420
 16777215
176
     0
 90
        1
176
     0
 90
        4
176
     0
 62
     7
176
     0
 62
   257
176
     0
 90
        1
176
     0
 90
        1
176
     0
 40
1.0
176
     0
 90
        9
176
     2
 62
     7
176
     0
 40
1.0
176
     0
 90
        1
176
     0
 90
        6
176
     0
 90
        2
176
     0
 62
     7
176
     0
 90
        5
176
     0
 90
        0
176
     0
 90
        0
176
     0
290
     0
176
     0
 90
        1
176
     0
 40
0.0
176
     0
 90
        0
176
     0
290
     0
176
     0
290
     1
176
     0
290
     1
176
     0
290
     0
176
     0
290
     0
176
     0
290
     0
176
     0
290
     0
176
     0
290
     0
176
     0
290
     0
176
     0
 90
       50
176
     0
 40
0.0
176
     0
 40
1.0
176
     0
 90
        0
176
     0
 62
    18
420
        0
176
     0
 90
       50
176
     0
 90
        3
176
     0
 62
     5
420
      255
176
     0
290
     0
176
     0
 90
       50
176
     0
 90
       50
176
     0
 90
       50
176
     0
290
     0
176
     0
 90
       50
176
     0
 62
   256
176
     0
 40
1.0
176
     0
 90
        2
176
     0
  1
strokes_ogs.tif
176
     0
290
     0
176
     0
 40
1.0
176
     0
 40
1.0
176
     0
  0
VISUALSTYLE
  5
33
102
{ACAD_REACTORS
330
2A
102
}
330
2A
100
AcDbVisualStyle
  2
Realistic
 70
     8
177
     3
291
     0
 70
    58
 90
        2
176
     1
 90
        3
176
     1
 90
        0
176
     1
 90
        2
176
     1
 40
0.6
176
     1
 40
30.0
176
     1
 62
     7
420
 16777215
176
     1
 90
        0
176
     1
 90
        0
176
     1
 62
     7
176
     1
 62
   257
176
     1
 90
        1
176
     1
 90
        1
176
     1
 40
1.0
176
     1
 90
        8
176
     1
 62
   257
176
     1
 40
1.0
176
     1
 90
        1
176
     1
 90
        6
176
     1
 90
        2
176
     1
 62
     7
176
     1
 90
        3
176
     1
 90
        0
176
     1
 90
        0
176
     1
290
     0
176
     1
 90
       13
176
     1
 40
0.0
176
     1
 90
        0
176
     1
290
     0
176
     1
290
     1
176
     1
290
     1
176
     1
290
     0
176
     1
290
     0
176
     1
290
     0
176
     1
290
     0
176
     1
290
     0
176
     1
290
     0
176
     1
 90
       50
176
     1
 40
0.0
176
     1
 40
1.0
176
     1
 90
        0
176
     1
 62
    18
420
        0
176
     1
 90
       50
176
     1
 90
        3
176
     1
 62
     5
420
      255
176
     1
290
     0
176
     1
 90
       50
176
     1
 90
       50
176
     1
 90
       50
176
     1
290
     0
176
     1
 90
       50
176
     1
 62
   256
176
     0
 40
1.0
176
     0
 90
        2
176
     1
  1
strokes_ogs.tif
176
     1
290
     0
176
     1
 40
1.0
176
     1
 40
1.0
176
     1
  0
VISUALSTYLE
  5
42
102
{ACAD_REACTORS
330
2A
102
}
330
2A
100
AcDbVisualStyle
  2
Shaded
 70
    27
177
     3
291
     0
 70
    58
 90
        2
176
     1
 90
        2
176
     1
 90
        1
176
     1
 90
        2
176
     1
 40
0.6
176
     1
 40
30.0
176
     1
 62
     7
420
 16777215
176
     1
 90
        0
176
     1
 90
        4
176
     1
 62
     7
176
     1
 62
   257
176
     1
 90
        1
176
     1
 90
        1
176
     1
 40
1.0
176
     1
 90
        8
176
     1
 62
   257
176
     1
 40
1.0
176
     1
 90
        1
176
     1
 90
        6
176
     1
 90
        2
176
     1
 62
     8
420
  7895160
176
     1
 90
        3
176
     1
 90
        0
176
     1
 90
        0
176
     1
290
     0
176
     1
 90
        5
176
     1
 40
0.0
176
     1
 90
        0
176
     1
290
     0
176
     1
290
     1
176
     1
290
     1
176
     1
290
     0
176
     1
290
     0
176
     1
290
     0
176
     1
290
     0
176
     1
290
     0
176
     1
290
     0
176
     1
 90
       50
176
     1
 40
0.0
176
     1
 40
1.0
176
     1
 90
        0
176
     1
 62
    18
420
        0
176
     1
 90
       50
176
     1
 90
        3
176
     1
 62
     5
420
      255
176
     1
290
     0
176
     1
 90
       50
176
     1
 90
       50
176
     1
 90
       50
176
     1
290
     0
176
     1
 90
       50
176
     1
 62
   256
176
     0
 40
1.0
176
     0
 90
        2
176
     1
  1
strokes_ogs.tif
176
     1
290
     0
176
     1
 40
1.0
176
     1
 40
1.0
176
     1
  0
VISUALSTYLE
  5
41
102
{ACAD_REACTORS
330
2A
102
}
330
2A
100
AcDbVisualStyle
  2
Shaded with edges
 70
    26
177
     3
291
     0
 70
    58
 90
        2
176
     1
 90
        2
176
     1
 90
        1
176
     1
 90
        2
176
     1
 40
0.6
176
     1
 40
30.0
176
     1
 62
     7
420
 16777215
176
     1
 90
        1
176
     1
 90
       10
176
     1
 62
     7
176
     1
 62
   257
176
     1
 90
        2
176
     1
 90
        1
176
     1
 40
1.0
176
     1
 90
        8
176
     1
 62
   257
176
     1
 40
1.0
176
     1
 90
        1
176
     1
 90
        6
176
     1
 90
        2
176
     1
 62
     7
176
     1
 90
        3
176
     1
 90
        0
176
     1
 90
        0
176
     1
290
     0
176
     1
 90
        5
176
     1
 40
0.0
176
     1
 90
        0
176
     1
290
     0
176
     1
290
     1
176
     1
290
     1
176
     1
290
     0
176
     1
290
     0
176
     1
290
     0
176
     1
290
     0
176
     1
290
     0
176
     1
290
     0
176
     1
 90
       50
176
     1
 40
0.0
176
     1
 40
1.0
176
     1
 90
        0
176
     1
 62
    18
420
        0
176
     1
 90
       50
176
     1
 90
        3
176
     1
 62
     5
420
      255
176
     1
290
     0
176
     1
 90
       50
176
     1
 90
       50
176
     1
 90
       50
176
     1
290
     0
176
     1
 90
       50
176
     1
 62
   256
176
     0
 40
1.0
176
     0
 90
        2
176
     1
  1
strokes_ogs.tif
176
     1
290
     0
176
     1
 40
1.0
176
     1
 40
1.0
176
     1
  0
VISUALSTYLE
  5
3E
102
{ACAD_REACTORS
330
2A
102
}
330
2A
100
AcDbVisualStyle
  2
Shades of Gray
 70
    23
177
     3
291
     0
 70
    58
 90
        2
176
     1
 90
        2
176
     1
 90
        3
176
     1
 90
        0
176
     1
 40
0.6
176
     1
 40
30.0
176
     1
 62
     7
420
 16777215
176
     1
 90
        2
176
     1
 90
        2
176
     1
 62
     7
176
     1
 62
     7
176
     1
 90
        1
176
     1
 90
        1
176
     1
 40
40.0
176
     1
 90
        8
176
     1
 62
     7
176
     1
 40
1.0
176
     1
 90
        1
176
     1
 90
        6
176
     1
 90
        2
176
     1
 62
     7
176
     1
 90
        3
176
     1
 90
        0
176
     1
 90
        0
176
     1
290
     0
176
     1
 90
        1
176
     1
 40
0.0
176
     1
 90
        0
176
     1
290
     0
176
     1
290
     1
176
     1
290
     1
176
     1
290
     0
176
     1
290
     0
176
     1
290
     0
176
     1
290
     0
176
     1
290
     0
176
     1
290
     0
176
     1
 90
       50
176
     1
 40
0.0
176
     1
 40
1.0
176
     1
 90
        0
176
     1
 62
    18
420
        0
176
     1
 90
       50
176
     1
 90
        3
176
     1
 62
     5
420
      255
176
     1
290
     0
176
     1
 90
       50
176
     1
 90
       50
176
     1
 90
       50
176
     1
290
     0
176
     1
 90
       50
176
     1
 62
   256
176
     0
 40
1.0
176
     0
 90
        2
176
     1
  1
strokes_ogs.tif
176
     1
290
     0
176
     1
 40
1.0
176
     1
 40
1.0
176
     1
  0
VISUALSTYLE
  5
3F
102
{ACAD_REACTORS
330
2A
102
}
330
2A
100
AcDbVisualStyle
  2
Sketchy
 70
    24
177
     3
291
     0
 70
    58
 90
        1
176
     1
 90
        2
176
     1
 90
        2
176
     1
 90
        0
176
     1
 40
0.6
176
     1
 40
30.0
176
     1
 62
     7
420
 16777215
176
     1
 90
        2
176
     1
 90
        2
176
     1
 62
     7
176
     1
 62
     7
176
     1
 90
        1
176
     1
 90
        1
176
     1
 40
40.0
176
     1
 90
       11
176
     1
 62
     7
176
     1
 40
1.0
176
     1
 90
        1
176
     1
 90
        6
176
     1
 90
        2
176
     1
 62
     7
176
     1
 90
        6
176
     1
 90
        0
176
     1
 90
        0
176
     1
290
     0
176
     1
 90
        1
176
     1
 40
0.0
176
     1
 90
        0
176
     1
290
     0
176
     1
290
     1
176
     1
290
     1
176
     1
290
     0
176
     1
290
     0
176
     1
290
     0
176
     1
290
     0
176
     1
290
     0
176
     1
290
     0
176
     1
 90
       50
176
     1
 40
0.0
176
     1
 40
1.0
176
     1
 90
        0
176
     1
 62
    18
420
        0
176
     1
 90
       50
176
     1
 90
        3
176
     1
 62
     5
420
      255
176
     1
290
     0
176
     1
 90
       50
176
     1
 90
       50
176
     1
 90
       50
176
     1
290
     0
176
     1
 90
       50
176
     1
 62
   256
176
     0
 40
1.0
176
     0
 90
        2
176
     1
  1
strokes_ogs.tif
176
     1
290
     0
176
     1
 40
1.0
176
     1
 40
1.0
176
     1
  0
VISUALSTYLE
  5
37
102
{ACAD_REACTORS
330
2A
102
}
330
2A
100
AcDbVisualStyle
  2
Thicken
 70
    13
177
     3
291
     1
 70
    58
 90
        2
176
     1
 90
        2
176
     1
 90
        0
176
     1
 90
        0
176
     1
 40
0.6
176
     1
 40
30.0
176
     1
 62
     7
420
 16777215
176
     1
 90
        1
176
     1
 90
        4
176
     1
 62
     7
176
     1
 62
   257
176
     1
 90
        1
176
     1
 90
        1
176
     1
 40
1.0
176
     1
 90
       12
176
     1
 62
     7
176
     1
 40
1.0
176
     1
 90
        1
176
     1
 90
        6
176
     1
 90
        2
176
     1
 62
     7
176
     1
 90
        5
176
     1
 90
        0
176
     1
 90
        0
176
     1
290
     0
176
     1
 90
        1
176
     1
 40
0.0
176
     1
 90
        0
176
     1
290
     0
176
     1
290
     1
176
     1
290
     1
176
     1
290
     0
176
     1
290
     0
176
     1
290
     0
176
     1
290
     0
176
     1
290
     0
176
     1
290
     0
176
     1
 90
       50
176
     1
 40
0.0
176
     1
 40
1.0
176
     1
 90
        0
176
     1
 62
    18
420
        0
176
     1
 90
       50
176
     1
 90
        3
176
     1
 62
     5
420
      255
176
     1
290
     0
176
     1
 90
       50
176
     1
 90
       50
176
     1
 90
       50
176
     1
290
     0
176
     1
 90
       50
176
     1
 62
   256
176
     0
 40
1.0
176
     0
 90
        2
176
     1
  1
strokes_ogs.tif
176
     1
290
     0
176
     1
 40
1.0
176
     1
 40
1.0
176
     1
  0
VISUALSTYLE
  5
30
102
{ACAD_REACTORS
330
2A
102
}
330
2A
100
AcDbVisualStyle
  2
Wireframe
 70
     5
177
     3
291
     0
 70
    58
 90
        0
176
     1
 90
        2
176
     1
 90
        0
176
     1
 90
        0
176
     1
 40
0.6
176
     1
 40
30.0
176
     1
 62
     7
420
 16777215
176
     1
 90
        1
176
     1
 90
        4
176
     1
 62
     7
176
     1
 62
   257
176
     1
 90
        1
176
     1
 90
        1
176
     1
 40
1.0
176
     1
 90
        0
176
     1
 62
   257
176
     1
 40
1.0
176
     1
 90
        1
176
     1
 90
        6
176
     1
 90
        2
176
     1
 62
     7
176
     1
 90
        3
176
     1
 90
        0
176
     1
 90
        0
176
     1
290
     0
176
     1
 90
        1
176
     1
 40
0.0
176
     1
 90
        0
176
     1
290
     0
176
     1
290
     1
176
     1
290
     1
176
     1
290
     0
176
     1
290
     0
176
     1
290
     0
176
     1
290
     0
176
     1
290
     0
176
     1
290
     0
176
     1
 90
       50
176
     1
 40
0.0
176
     1
 40
1.0
176
     1
 90
        0
176
     1
 62
    18
420
        0
176
     1
 90
       50
176
     1
 90
        3
176
     1
 62
     5
420
      255
176
     1
290
     0
176
     1
 90
       50
176
     1
 90
       50
176
     1
 90
       50
176
     1
290
     0
176
     1
 90
       50
176
     1
 62
   256
176
     0
 40
1.0
176
     0
 90
        2
176
     1
  1
strokes_ogs.tif
176
     1
290
     0
176
     1
 40
1.0
176
     1
 40
1.0
176
     1
  0
VISUALSTYLE
  5
40
102
{ACAD_REACTORS
330
2A
102
}
330
2A
100
AcDbVisualStyle
  2
X-Ray
 70
    25
177
     3
291
     0
 70
    58
 90
        2
176
     1
 90
        2
176
     1
 90
        1
176
     1
 90
        1
176
     1
 40
0.5
176
     1
 40
30.0
176
     1
 62
     7
420
 16777215
176
     1
 90
        1
176
     1
 90
        0
176
     1
 62
     7
176
     1
 62
   257
176
     1
 90
        1
176
     1
 90
        1
176
     1
 40
1.0
176
     1
 90
        8
176
     1
 62
     7
176
     1
 40
1.0
176
     1
 90
        1
176
     1
 90
        6
176
     1
 90
        2
176
     1
 62
     7
176
     1
 90
        3
176
     1
 90
        0
176
     1
 90
        0
176
     1
290
     0
176
     1
 90
       13
176
     1
 40
0.0
176
     1
 90
        0
176
     1
290
     0
176
     1
290
     1
176
     1
290
     1
176
     1
290
     0
176
     1
290
     0
176
     1
290
     0
176
     1
290
     0
176
     1
290
     0
176
     1
290
     0
176
     1
 90
       50
176
     1
 40
0.0
176
     1
 40
1.0
176
     1
 90
        0
176
     1
 62
    18
420
        0
176
     1
 90
       50
176
     1
 90
        3
176
     1
 62
     5
420
      255
176
     1
290
     0
176
     1
 90
       50
176
     1
 90
       50
176
     1
 90
       50
176
     1
290
     0
176
     1
 90
       50
176
     1
 62
   256
176
     0
 40
1.0
176
     0
 90
        2
176
     1
  1
strokes_ogs.tif
176
     1
290
     0
176
     1
 40
1.0
176
     1
 40
1.0
176
     1
  0
DICTIONARYVAR
  5
68
102
{ACAD_REACTORS
330
67
102
}
330
67
100
DictionaryVariables
280
     0
  1
1:1
  0
DICTIONARYVAR
  5
6D
102
{ACAD_REACTORS
330
67
102
}
330
67
100
DictionaryVariables
280
     0
  1
Standard
  0
DICTIONARYVAR
  5
6C
102
{ACAD_REACTORS
330
67
102
}
330
67
100
DictionaryVariables
280
     0
  1
Standard
  0
DICTIONARYVAR
  5
6E
102
{ACAD_REACTORS
330
67
102
}
330
67
100
DictionaryVariables
280
     0
  1
Imperial24
  0
DICTIONARYVAR
  5
6F
102
{ACAD_REACTORS
330
67
102
}
330
67
100
DictionaryVariables
280
     0
  1
Imperial24
  0
DICTIONARY
  5
69
330
5A
100
AcDbDictionary
280
     1
281
     1
  3
ACAD_ROUNDTRIP_2008_TABLESTYLE_CELLSTYLEMAP
360
6A
  0
CELLSTYLEMAP
  5
6A
102
{ACAD_REACTORS
330
69
102
}
330
69
100
AcDbCellStyleMap
 90
        3
300
CELLSTYLE
  1
TABLEFORMAT_BEGIN
 90
        5
170
     1
 91
        0
 92
    32768
 62
   257
 93
        1
300
CONTENTFORMAT
  1
CONTENTFORMAT_BEGIN
 90
        0
 91
        0
 92
        4
 93
        0
300

 40
0.0
140
1.0
 94
        5
 62
     0
340
11
144
0.25
309
CONTENTFORMAT_END
171
     1
301
MARGIN
  1
CELLMARGIN_BEGIN
 40
0.06
 40
0.06
 40
0.06
 40
0.06
 40
0.06
 40
0.06
309
CELLMARGIN_END
 94
        6
 95
        1
302
GRIDFORMAT
  1
GRIDFORMAT_BEGIN
 90
        0
 91
        1
 62
     0
 92
       -2
340
14
 93
        0
 40
0.045
309
GRIDFORMAT_END
 95
        2
302
GRIDFORMAT
  1
GRIDFORMAT_BEGIN
 90
        0
 91
        1
 62
     0
 92
       -2
340
14
 93
        0
 40
0.045
309
GRIDFORMAT_END
 95
        4
302
GRIDFORMAT
  1
GRIDFORMAT_BEGIN
 90
        0
 91
        1
 62
     0
 92
       -2
340
14
 93
        0
 40
0.045
309
GRIDFORMAT_END
 95
        8
302
GRIDFORMAT
  1
GRIDFORMAT_BEGIN
 90
        0
 91
        1
 62
     0
 92
       -2
340
14
 93
        0
 40
0.045
309
GRIDFORMAT_END
 95
       16
302
GRIDFORMAT
  1
GRIDFORMAT_BEGIN
 90
        0
 91
        1
 62
     0
 92
       -2
340
14
 93
        0
 40
0.045
309
GRIDFORMAT_END
 95
       32
302
GRIDFORMAT
  1
GRIDFORMAT_BEGIN
 90
        0
 91
        1
 62
     0
 92
       -2
340
14
 93
        0
 40
0.045
309
GRIDFORMAT_END
309
TABLEFORMAT_END
  1
CELLSTYLE_BEGIN
 90
        1
 91
        1
300
_TITLE
309
CELLSTYLE_END
300
CELLSTYLE
  1
TABLEFORMAT_BEGIN
 90
        5
170
     1
 91
        0
 92
        0
 62
   257
 93
        1
300
CONTENTFORMAT
  1
CONTENTFORMAT_BEGIN
 90
        0
 91
        0
 92
        4
 93
        0
300

 40
0.0
140
1.0
 94
        5
 62
     0
340
11
144
0.18
309
CONTENTFORMAT_END
171
     1
301
MARGIN
  1
CELLMARGIN_BEGIN
 40
0.06
 40
0.06
 40
0.06
 40
0.06
 40
0.06
 40
0.06
309
CELLMARGIN_END
 94
        6
 95
        1
302
GRIDFORMAT
  1
GRIDFORMAT_BEGIN
 90
        0
 91
        1
 62
     0
 92
       -2
340
14
 93
        0
 40
0.045
309
GRIDFORMAT_END
 95
        2
302
GRIDFORMAT
  1
GRIDFORMAT_BEGIN
 90
        0
 91
        1
 62
     0
 92
       -2
340
14
 93
        0
 40
0.045
309
GRIDFORMAT_END
 95
        4
302
GRIDFORMAT
  1
GRIDFORMAT_BEGIN
 90
        0
 91
        1
 62
     0
 92
       -2
340
14
 93
        0
 40
0.045
309
GRIDFORMAT_END
 95
        8
302
GRIDFORMAT
  1
GRIDFORMAT_BEGIN
 90
        0
 91
        1
 62
     0
 92
       -2
340
14
 93
        0
 40
0.045
309
GRIDFORMAT_END
 95
       16
302
GRIDFORMAT
  1
GRIDFORMAT_BEGIN
 90
        0
 91
        1
 62
     0
 92
       -2
340
14
 93
        0
 40
0.045
309
GRIDFORMAT_END
 95
       32
302
GRIDFORMAT
  1
GRIDFORMAT_BEGIN
 90
        0
 91
        1
 62
     0
 92
       -2
340
14
 93
        0
 40
0.045
309
GRIDFORMAT_END
309
TABLEFORMAT_END
  1
CELLSTYLE_BEGIN
 90
        2
 91
        1
300
_HEADER
309
CELLSTYLE_END
300
CELLSTYLE
  1
TABLEFORMAT_BEGIN
 90
        5
170
     1
 91
        0
 92
        0
 62
   257
 93
        1
300
CONTENTFORMAT
  1
CONTENTFORMAT_BEGIN
 90
        0
 91
        0
 92
        4
 93
        0
300

 40
0.0
140
1.0
 94
        2
 62
     0
340
11
144
0.18
309
CONTENTFORMAT_END
171
     1
301
MARGIN
  1
CELLMARGIN_BEGIN
 40
0.06
 40
0.06
 40
0.06
 40
0.06
 40
0.06
 40
0.06
309
CELLMARGIN_END
 94
        6
 95
        1
302
GRIDFORMAT
  1
GRIDFORMAT_BEGIN
 90
        0
 91
        1
 62
     0
 92
       -2
340
14
 93
        0
 40
0.045
309
GRIDFORMAT_END
 95
        2
302
GRIDFORMAT
  1
GRIDFORMAT_BEGIN
 90
        0
 91
        1
 62
     0
 92
       -2
340
14
 93
        0
 40
0.045
309
GRIDFORMAT_END
 95
        4
302
GRIDFORMAT
  1
GRIDFORMAT_BEGIN
 90
        0
 91
        1
 62
     0
 92
       -2
340
14
 93
        0
 40
0.045
309
GRIDFORMAT_END
 95
        8
302
GRIDFORMAT
  1
GRIDFORMAT_BEGIN
 90
        0
 91
        1
 62
     0
 92
       -2
340
14
 93
        0
 40
0.045
309
GRIDFORMAT_END
 95
       16
302
GRIDFORMAT
  1
GRIDFORMAT_BEGIN
 90
        0
 91
        1
 62
     0
 92
       -2
340
14
 93
        0
 40
0.045
309
GRIDFORMAT_END
 95
       32
302
GRIDFORMAT
  1
GRIDFORMAT_BEGIN
 90
        0
 91
        1
 62
     0
 92
       -2
340
14
 93
        0
 40
0.045
309
GRIDFORMAT_END
309
TABLEFORMAT_END
  1
CELLSTYLE_BEGIN
 90
        3
 91
        2
300
_DATA
309
CELLSTYLE_END
  0
ENDSEC
  0
SECTION
  2
ACDSDATA
 70
     2
 71
     2
  0
ACDSSCHEMA
 90
        0
  1
AcDb_Thumbnail_Schema
  2
AcDbDs::ID
280
    10
 91
        8
  2
Thumbnail_Data
280
    15
 91
        0
101
ACDSRECORD
 95
        0
 90
        2
  2
AcDbDs::TreatedAsObjectData
280
     1
291
     1
101
ACDSRECORD
 95
        0
 90
        3
  2
AcDbDs::Legacy
280
     1
291
     1
101
ACDSRECORD
  1
AcDbDs::ID
 90
        4
  2
AcDs:Indexable
280
     1
291
     1
101
ACDSRECORD
  1
AcDbDs::ID
 90
        5
  2
AcDbDs::HandleAttribute
280
     7
282
     1
  0
ACDSSCHEMA
 90
        1
  1
AcDb3DSolid_ASM_Data
  2
AcDbDs::ID
280
    10
 91
        8
  2
ASM_Data
280
    15
 91
        0
101
ACDSRECORD
 95
        1
 90
        2
  2
AcDbDs::TreatedAsObjectData
280
     1
291
     1
101
ACDSRECORD
 95
        1
 90
        3
  2
AcDbDs::Legacy
280
     1
291
     1
101
ACDSRECORD
  1
AcDbDs::ID
 90
        4
  2
AcDs:Indexable
280
     1
291
     1
101
ACDSRECORD
  1
AcDbDs::ID
 90
        5
  2
AcDbDs::HandleAttribute
280
     7
282
     1
  0
ACDSSCHEMA
 90
        2
  1
AcDbDs::TreatedAsObjectDataSchema
  2
AcDbDs::TreatedAsObjectData
280
     1
 91
        0
  0
ACDSSCHEMA
 90
        3
  1
AcDbDs::LegacySchema
  2
AcDbDs::Legacy
280
     1
 91
        0
  0
ACDSSCHEMA
 90
        4
  1
AcDbDs::IndexedPropertySchema
  2
AcDs:Indexable
280
     1
 91
        0
  0
ACDSSCHEMA
 90
        5
  1
AcDbDs::HandleAttributeSchema
  2
AcDbDs::HandleAttribute
280
     7
 91
        1
284
     1
  0
ACDSRECORD
 90
        1
  2
AcDbDs::ID
280
    10
320
65
  2
ASM_Data
280
    15
 94
     9353
310
41534D2042696E61727946696C65341C57000000000000020000000400000007214F70656E2044657369676E20416C6C69616E63652041434953204275696C646572070E41434953203232332E3030204E540718547565205365702031352031373A35333A3238203230323606000000000000F03F068DEDB5A0F7C6B03E06
310
BBBDD7D9DF7CDB3D0D0961736D6865616465720CFFFFFFFF04FFFFFFFF070C3230382E302E342E37303039110D04626F64790CFFFFFFFF04FFFFFFFF0CFFFFFFFF0C030000000CFFFFFFFF0C02000000110D097472616E73666F726D0CFFFFFFFF04FFFFFFFF14000000000000F03F00000000000000000000000000000000
310
140000000000000000000000000000F03F00000000000000001400000000000000000000000000000000000000000000F03F1400000000000000000000000000000000000000000000000006000000000000F03F0B0B0B110D046C756D700CFFFFFFFF04FFFFFFFF0CFFFFFFFF0CFFFFFFFF0C040000000C01000000110D05
310
7368656C6C0CFFFFFFFF04FFFFFFFF0CFFFFFFFF0CFFFFFFFF0CFFFFFFFF0C050000000CFFFFFFFF0C03000000110D04666163650CFFFFFFFF04FFFFFFFF0CFFFFFFFF0C100000000C070000000C040000000CFFFFFFFF0C060000000B0B110E0673706C696E650D07737572666163650CFFFFFFFF04FFFFFFFF0CFFFFFFFF
310
0B0F0D0D65786163745F73706C5F73757204A451000015000000000D056E75726273040200000004010000000D04626F7468150000000015000000001500000000150000000004030000000402000000060000000000000000040200000006D221337F7CD92240040200000006D221337F7CD9324004020000000600000000
310
000000000401000000060000000000002E40040100000006000000000000474006000000000000000006000000000000000006000000000000F03F06000000000000474006000000000000184006000000000000000006CD3B7F669EA0E63F0600000000000044400600000000000018400600000000000000000600000000
310
0000F03F06000000000000414006000000000000184006000000000000000006CD3B7F669EA0E63F060000000000004140060A8A9E4C3979CA3C06000000000000000006000000000000F03F060000000000004740060000000000000000060000000000002E4006000000000000F03F060000000000004740060000000000
310
001840060000000000002E4006CD3B7F669EA0E63F060000000000004440060000000000001840060000000000002E4006000000000000F03F060000000000004140060000000000001840060000000000002E4006CD3B7F669EA0E63F060000000000004140060A8A9E4C3979CA3C060000000000002E4006000000000000
310
F03F0600000000000000000400000000040000000004000000000400000000040000000004000000000B0A0600000000000000000A06D221337F7CD932400A0600000000000000000A060000000000002E401500000000100A0600000000000000000A06D221337F7CD932400A0600000000000000000A060000000000002E
310
40110D046C6F6F700CFFFFFFFF04FFFFFFFF0CFFFFFFFF0CFFFFFFFF0C080000000C05000000110D06636F656467650CFFFFFFFF04FFFFFFFF0CFFFFFFFF0C0A0000000C0E0000000C270000000C2F0000000B0C0700000004000000000C09000000110D067063757276650CFFFFFFFF04FFFFFFFF0CFFFFFFFF0400000000
310
0B0F0D0B6578705F7061725F6375720D046E7562730401000000150000000004020000000600000000000000000401000000060000000000002E40040100000006D221337F7CD9324006000000000000000006D221337F7CD93240060000000000002E400600000000000000000D0673706C696E650B0F0D03726566040000
310
0000100A0600000000000000000A06D221337F7CD932400A0600000000000000000A060000000000002E4010060000000000000000060000000000000000110D06636F656467650CFFFFFFFF04FFFFFFFF0CFFFFFFFF0C0C0000000C080000000C1A0000000C330000000B0C0700000004000000000C0B000000110D067063
310
757276650CFFFFFFFF04FFFFFFFF0CFFFFFFFF04000000000B0F0D0B6578705F7061725F6375720D046E75627304010000001500000000040200000006D221337F7CD932C00401000000060000000000000000040100000006D221337F7CD93240060000000000002E40060000000000000000060000000000002E40060000
310
0000000000000D0673706C696E650B0F0D037265660400000000100A0600000000000000000A06D221337F7CD932400A0600000000000000000A060000000000002E4010060000000000000000060000000000000000110D06636F656467650CFFFFFFFF04FFFFFFFF0CFFFFFFFF0C0E0000000C0A0000000C230000000C2B
310
0000000A0C0700000004000000000C0D000000110D067063757276650CFFFFFFFF04FFFFFFFF0CFFFFFFFF04000000000B0F0D0B6578705F7061725F6375720D046E756273040100000015000000000402000000060000000000002EC004010000000600000000000000000401000000060000000000000000060000000000
310
002E400600000000000000000600000000000000000600000000000000000D0673706C696E650B0F0D037265660400000000100A0600000000000000000A06D221337F7CD932400A0600000000000000000A060000000000002E4010060000000000000000060000000000000000110D06636F656467650CFFFFFFFF04FFFF
310
FFFF0CFFFFFFFF0C080000000C0C0000000C150000000C290000000B0C0700000004000000000C0F000000110D067063757276650CFFFFFFFF04FFFFFFFF0CFFFFFFFF04000000000B0F0D0B6578705F7061725F6375720D046E756273040100000015000000000402000000060000000000000000040100000006D221337F
310
7CD93240040100000006000000000000000006000000000000000006D221337F7CD932400600000000000000000600000000000000000D0673706C696E650B0F0D037265660400000000100A0600000000000000000A06D221337F7CD932400A0600000000000000000A060000000000002E40100600000000000000000600
310
00000000000000110D04666163650CFFFFFFFF04FFFFFFFF0CFFFFFFFF0C170000000C120000000C040000000CFFFFFFFF0C110000000B0B110E05706C616E650D07737572666163650CFFFFFFFF04FFFFFFFF0CFFFFFFFF1300000000008040400000000000001C4000000000000000001400000000000000000000000000
310
000000000000000000F0BF14000000000000F03F000000000000000000000000000000000B0B0B0B0B110D046C6F6F700CFFFFFFFF04FFFFFFFF0CFFFFFFFF0CFFFFFFFF0C130000000C10000000110D06636F656467650CFFFFFFFF04FFFFFFFF0CFFFFFFFF0C150000000C150000000C210000000C310000000A0C120000
310
0004000000000C14000000110D067063757276650CFFFFFFFF04FFFFFFFF0CFFFFFFFF04000000000B0F0D0B6578705F7061725F6375720D056E7572627304020000001500000000040300000006D221337F7CD942C0040200000006BBB2CCBE3A463CC0040200000006D221337F7CD932C004020000000600000000000018
310
4006000000000000000006000000000000F03F06FEFFFFFFFFFF174006000000000000184006CD3B7F669EA0E63F06000000000000000006000000000000184006000000000000F03F06FEFFFFFFFFFF17C006FFFFFFFFFFFF174006CD3B7F669EA0E63F0600000000000018C006000000000000000006000000000000F03F
310
0600000000000000000D05706C616E651300000000008040400000000000001C4000000000000000001400000000000000000000000000000000000000000000F0BF14000000000000F03F000000000000000000000000000000000B0B0B0B0B10060000000000000000060000000000000000110D06636F656467650CFFFF
310
FFFF04FFFFFFFF0CFFFFFFFF0C130000000C130000000C0E0000000C290000000A0C1200000004000000000C16000000110D067063757276650CFFFFFFFF04FFFFFFFF0CFFFFFFFF04000000000B0F0D0B6578705F7061725F6375720D056E7572627304020000001500000000040300000006D221337F7CD932C004020000
310
0006D221337F7CD922C0040200000006000000000000008004020000000600000000000018C006000000000000000006000000000000F03F06FEFFFFFFFFFF17C00600000000000018C006CD3B7F669EA0E63F0600000000000000000600000000000018C006000000000000F03F06FEFFFFFFFFFF17400600000000000018
310
C006CD3B7F669EA0E63F06000000000000184006000000000000000006000000000000F03F0600000000000000000D05706C616E651300000000008040400000000000001C4000000000000000001400000000000000000000000000000000000000000000F0BF14000000000000F03F000000000000000000000000000000
310
000B0B0B0B0B10060000000000000000060000000000000000110D04666163650CFFFFFFFF04FFFFFFFF0CFFFFFFFF0C1E0000000C190000000C040000000CFFFFFFFF0C180000000B0B110E05706C616E650D07737572666163650CFFFFFFFF04FFFFFFFF0CFFFFFFFF1300000000008040400000000000001CC000000000
310
00002E401400000000000000000000000000000000000000000000F03F14000000000000F03F000000000000000000000000000000000B0B0B0B0B110D046C6F6F700CFFFFFFFF04FFFFFFFF0CFFFFFFFF0CFFFFFFFF0C1A0000000C17000000110D06636F656467650CFFFFFFFF04FFFFFFFF0CFFFFFFFF0C1C0000000C1C
310
0000000C0A0000000C330000000A0C1900000004000000000C1B000000110D067063757276650CFFFFFFFF04FFFFFFFF0CFFFFFFFF04000000000B0F0D0B6578705F7061725F6375720D056E75726273040200000015000000000403000000060000000000000080040200000006D221337F7CD92240040200000006D22133
310
7F7CD93240040200000006000000000000184006000000000000000006000000000000F03F06FEFFFFFFFFFF174006000000000000184006CD3B7F669EA0E63F06000000000000000006000000000000184006000000000000F03F06FEFFFFFFFFFF17C006000000000000184006CD3B7F669EA0E63F0600000000000018C0
310
06000000000000000006000000000000F03F0600000000000000000D05706C616E651300000000008040400000000000001CC00000000000002E401400000000000000000000000000000000000000000000F03F14000000000000F03F000000000000000000000000000000000B0B0B0B0B10060000000000000000060000
310
000000000000110D06636F656467650CFFFFFFFF04FFFFFFFF0CFFFFFFFF0C1A0000000C1A0000000C250000000C2D0000000A0C1900000004000000000C1D000000110D067063757276650CFFFFFFFF04FFFFFFFF0CFFFFFFFF04000000000B0F0D0B6578705F7061725F6375720D056E7572627304020000001500000000
310
040300000006D221337F7CD93240040200000006BBB2CCBE3A463C40040200000006D221337F7CD9424004020000000600000000000018C006000000000000000006000000000000F03F06FEFFFFFFFFFF17C006FFFFFFFFFFFF17C006CD3B7F669EA0E63F0600000000000000000600000000000018C006000000000000F0
310
3F06FEFFFFFFFFFF17400600000000000018C006CD3B7F669EA0E63F06000000000000184006000000000000000006000000000000F03F0600000000000000000D05706C616E651300000000008040400000000000001CC00000000000002E401400000000000000000000000000000000000000000000F03F140000000000
310
00F03F000000000000000000000000000000000B0B0B0B0B10060000000000000000060000000000000000110D04666163650CFFFFFFFF04FFFFFFFF0CFFFFFFFF0CFFFFFFFF0C200000000C040000000CFFFFFFFF0C1F0000000B0B110E0673706C696E650D07737572666163650CFFFFFFFF04FFFFFFFF0CFFFFFFFF0B0F
310
0D0D65786163745F73706C5F73757204A451000015000000000D056E75726273040200000004010000000D04626F746815000000001500000000150000000015000000000403000000040200000006D221337F7CD93240040200000006BBB2CCBE3A463C40040200000006D221337F7CD94240040200000006000000000000
310
00000401000000060000000000002E40040100000006000000000000414006000000000000000006000000000000000006000000000000F03F0600000000000041400600000000000018C006000000000000000006CD3B7F669EA0E63F0600000000000044400600000000000018C006000000000000000006000000000000
310
F03F0600000000000047400600000000000018C006000000000000000006CD3B7F669EA0E63F060000000000004740060A8A9E4C3979CABC06000000000000000006000000000000F03F060000000000004140060000000000000000060000000000002E4006000000000000F03F0600000000000041400600000000000018
310
C0060000000000002E4006CD3B7F669EA0E63F0600000000000044400600000000000018C0060000000000002E4006000000000000F03F0600000000000047400600000000000018C0060000000000002E4006CD3B7F669EA0E63F060000000000004740060A8A9E4C3979CABC060000000000002E4006000000000000F03F
310
0600000000000000000400000000040000000004000000000400000000040000000004000000000B0A06D221337F7CD932400A06D221337F7CD942400A0600000000000000000A060000000000002E401500000000100A06D221337F7CD932400A06D221337F7CD942400A0600000000000000000A060000000000002E4011
310
0D046C6F6F700CFFFFFFFF04FFFFFFFF0CFFFFFFFF0CFFFFFFFF0C210000000C1E000000110D06636F656467650CFFFFFFFF04FFFFFFFF0CFFFFFFFF0C230000000C270000000C130000000C310000000B0C2000000004000000000C22000000110D067063757276650CFFFFFFFF04FFFFFFFF0CFFFFFFFF04000000000B0F
310
0D0B6578705F7061725F6375720D046E75627304010000001500000000040200000006D221337F7CD93240040100000006D221337F7CD94240040100000006D221337F7CD9324006000000000000000006D221337F7CD942400600000000000000000600000000000000000D0673706C696E650B0F0D037265660409000000
310
100A06D221337F7CD932400A06D221337F7CD942400A0600000000000000000A060000000000002E4010060000000000000000060000000000000000110D06636F656467650CFFFFFFFF04FFFFFFFF0CFFFFFFFF0C250000000C210000000C0C0000000C2B0000000B0C2000000004000000000C24000000110D0670637572
310
76650CFFFFFFFF04FFFFFFFF0CFFFFFFFF04000000000B0F0D0B6578705F7061725F6375720D046E7562730401000000150000000004020000000600000000000000000401000000060000000000002E40040100000006D221337F7CD9424006000000000000000006D221337F7CD94240060000000000002E400600000000
310
000000000D0673706C696E650B0F0D037265660409000000100A06D221337F7CD932400A06D221337F7CD942400A0600000000000000000A060000000000002E4010060000000000000000060000000000000000110D06636F656467650CFFFFFFFF04FFFFFFFF0CFFFFFFFF0C270000000C230000000C1C0000000C2D0000
310
000B0C2000000004000000000C26000000110D067063757276650CFFFFFFFF04FFFFFFFF0CFFFFFFFF04000000000B0F0D0B6578705F7061725F6375720D046E75627304010000001500000000040200000006D221337F7CD942C0040100000006D221337F7CD932C0040100000006D221337F7CD94240060000000000002E
310
4006D221337F7CD93240060000000000002E400600000000000000000D0673706C696E650B0F0D037265660409000000100A06D221337F7CD932400A06D221337F7CD942400A0600000000000000000A060000000000002E4010060000000000000000060000000000000000110D06636F656467650CFFFFFFFF04FFFFFFFF
310
0CFFFFFFFF0C210000000C250000000C080000000C2F0000000A0C2000000004000000000C28000000110D067063757276650CFFFFFFFF04FFFFFFFF0CFFFFFFFF04000000000B0F0D0B6578705F7061725F6375720D046E756273040100000015000000000402000000060000000000002EC0040100000006000000000000
310
0000040100000006D221337F7CD93240060000000000002E4006D221337F7CD932400600000000000000000600000000000000000D0673706C696E650B0F0D037265660409000000100A06D221337F7CD932400A06D221337F7CD942400A0600000000000000000A060000000000002E401006000000000000000006000000
310
0000000000110D04656467650CFFFFFFFF04FFFFFFFF0CFFFFFFFF0C350000000600000000000000000C3900000006D221337F7CD932400C0E0000000C2A0000000B0707756E6B6E6F776E110E08696E7463757276650D0563757276650CFFFFFFFF04FFFFFFFF0CFFFFFFFF0B0F0D0D65786163745F696E745F63757204FC
310
53000015000000000D056E75726273040200000015000000000403000000060000000000000000040200000006D221337F7CD92240040200000006D221337F7CD93240040200000006000000000000474006000000000000000006000000000000000006000000000000F03F06000000000000474006000000000000184006
310
000000000000000006CD3B7F669EA0E63F06000000000000444006000000000000184006000000000000000006000000000000F03F06000000000000414006000000000000184006000000000000000006CD3B7F669EA0E63F060000000000004140060A8A9E4C3979CA3C06000000000000000006000000000000F03F0600
310
000000000000000D0C6E756C6C5F737572666163650D0C6E756C6C5F737572666163650D066E756C6C62730D066E756C6C62730B0B04000000000400000000040000000004000000000A0600000000000000000A06D221337F7CD9324015040000001504000000100A0600000000000000000A06D221337F7CD93240110D04
310
656467650CFFFFFFFF04FFFFFFFF0CFFFFFFFF0C350000000600000000000000000C37000000060000000000002E400C230000000C2C0000000B0707756E6B6E6F776E110E08696E7463757276650D0563757276650CFFFFFFFF04FFFFFFFF0CFFFFFFFF0B0F0D0D65786163745F696E745F63757204FC5300001500000000
310
0D056E757262730401000000150000000004020000000600000000000000000401000000060000000000002E400401000000060000000000004740060A8A9E4C3979CABC06000000000000000006000000000000F03F060000000000004740060A8A9E4C3979CABC060000000000002E4006000000000000F03F0600000000
310
000000000D0C6E756C6C5F737572666163650D0C6E756C6C5F737572666163650D066E756C6C62730D066E756C6C62730B0B04000000000400000000040000000004000000000A0600000000000000000A060000000000002E4015040000001504000000100A0600000000000000000A060000000000002E40110D04656467
310
650CFFFFFFFF04FFFFFFFF0CFFFFFFFF0C3700000006D221337F7CD942C00C3B00000006D221337F7CD932C00C250000000C2E0000000B0707756E6B6E6F776E110E08696E7463757276650D0563757276650CFFFFFFFF04FFFFFFFF0CFFFFFFFF0B0F0D0D65786163745F696E745F63757204FC53000015000000000D056E
310
7572627304020000001500000000040300000006D221337F7CD942C0040200000006BBB2CCBE3A463CC0040200000006D221337F7CD932C00402000000060000000000004740060A8A9E4C3979CABC060000000000002E4006000000000000F03F0600000000000047400600000000000018C0060000000000002E4006CD3B
310
7F669EA0E63F0600000000000044400600000000000018C0060000000000002E4006000000000000F03F0600000000000041400600000000000018C0060000000000002E4006CD3B7F669EA0E63F060000000000004140060000000000000000060000000000002E4006000000000000F03F0600000000000000000D0C6E75
310
6C6C5F737572666163650D0C6E756C6C5F737572666163650D066E756C6C62730D066E756C6C62730B0B04000000000400000000040000000004000000000A06D221337F7CD942C00A06D221337F7CD932C015040000001504000000100A06D221337F7CD942C00A06D221337F7CD932C0110D04656467650CFFFFFFFF04FF
310
FFFFFF0CFFFFFFFF0C390000000600000000000000000C3B000000060000000000002E400C080000000C300000000B0707756E6B6E6F776E110E08696E7463757276650D0563757276650CFFFFFFFF04FFFFFFFF0CFFFFFFFF0B0F0D0D65786163745F696E745F63757204FC53000015000000000D056E7572627304010000
310
00150000000004020000000600000000000000000401000000060000000000002E40040100000006000000000000414006000000000000000006000000000000000006000000000000F03F060000000000004140060000000000000000060000000000002E4006000000000000F03F0600000000000000000D0C6E756C6C5F
310
737572666163650D0C6E756C6C5F737572666163650D066E756C6C62730D066E756C6C62730B0B04000000000400000000040000000004000000000A0600000000000000000A060000000000002E4015040000001504000000100A0600000000000000000A060000000000002E40110D04656467650CFFFFFFFF04FFFFFFFF
310
0CFFFFFFFF0C3900000006D221337F7CD932400C3500000006D221337F7CD942400C210000000C320000000B0707756E6B6E6F776E110E08696E7463757276650D0563757276650CFFFFFFFF04FFFFFFFF0CFFFFFFFF0B0F0D0D65786163745F696E745F63757204FC53000015000000000D056E7572627304020000001500
310
000000040300000006D221337F7CD93240040200000006BBB2CCBE3A463C40040200000006D221337F7CD94240040200000006000000000000414006000000000000000006000000000000000006000000000000F03F0600000000000041400600000000000018C006000000000000000006CD3B7F669EA0E63F0600000000
310
000044400600000000000018C006000000000000000006000000000000F03F0600000000000047400600000000000018C006000000000000000006CD3B7F669EA0E63F060000000000004740060A8A9E4C3979CABC06000000000000000006000000000000F03F0600000000000000000D0C6E756C6C5F737572666163650D
310
0C6E756C6C5F737572666163650D066E756C6C62730D066E756C6C62730B0B04000000000400000000040000000004000000000A06D221337F7CD932400A06D221337F7CD9424015040000001504000000100A06D221337F7CD932400A06D221337F7CD94240110D04656467650CFFFFFFFF04FFFFFFFF0CFFFFFFFF0C3B00
310
000006D221337F7CD932C00C370000000600000000000000800C0A0000000C340000000B0707756E6B6E6F776E110E08696E7463757276650D0563757276650CFFFFFFFF04FFFFFFFF0CFFFFFFFF0B0F0D0D65786163745F696E745F63757204FC53000015000000000D056E75726273040200000015000000000403000000
310
06D221337F7CD932C0040200000006D221337F7CD922C004020000000600000000000000800402000000060000000000004140060A8A9E4C3979CA3C060000000000002E4006000000000000F03F060000000000004140060000000000001840060000000000002E4006CD3B7F669EA0E63F06000000000000444006000000
310
0000001840060000000000002E4006000000000000F03F060000000000004740060000000000001840060000000000002E4006CD3B7F669EA0E63F060000000000004740060000000000000000060000000000002E4006000000000000F03F0600000000000000000D0C6E756C6C5F737572666163650D0C6E756C6C5F7375
310
72666163650D066E756C6C62730D066E756C6C62730B0B04000000000400000000040000000004000000000A06D221337F7CD932C00A06000000000000008015040000001504000000100A06D221337F7CD932C00A060000000000000080110D067665727465780CFFFFFFFF04FFFFFFFF0CFFFFFFFF0C2900000004020000
310
000C36000000110D05706F696E740CFFFFFFFF04FFFFFFFF0CFFFFFFFF1300000000000047400A8A9E4C3979CABC0000000000000000110D067665727465780CFFFFFFFF04FFFFFFFF0CFFFFFFFF0C2B00000004020000000C38000000110D05706F696E740CFFFFFFFF04FFFFFFFF0CFFFFFFFF1300000000000047400A8A
310
9E4C3979CABC0000000000002E40110D067665727465780CFFFFFFFF04FFFFFFFF0CFFFFFFFF0C2F00000004020000000C3A000000110D05706F696E740CFFFFFFFF04FFFFFFFF0CFFFFFFFF13000000000000414000000000000000000000000000000000110D067665727465780CFFFFFFFF04FFFFFFFF0CFFFFFFFF0C2F
310
00000004020000000C3C000000110D05706F696E740CFFFFFFFF04FFFFFFFF0CFFFFFFFF13000000000000414000000000000000000000000000002E40110E03456E640E026F660E0341534D0D0464617461
  0
ACDSRECORD
 90
        1
  2
AcDbDs::ID
280
    10
320
66
  2
ASM_Data
280
    15
 94
    13935
310
41534D2042696E61727946696C65341C57000000000000020000000400000007214F70656E2044657369676E20416C6C69616E63652041434953204275696C646572070E41434953203232332E3030204E540718547565205365702031352031373A35333A3238203230323606000000000000F03F068DEDB5A0F7C6B03E06
310
BBBDD7D9DF7CDB3D0D0961736D6865616465720CFFFFFFFF04FFFFFFFF070C3230382E302E342E37303039110D04626F64790CFFFFFFFF04FFFFFFFF0CFFFFFFFF0C030000000CFFFFFFFF0C02000000110D097472616E73666F726D0CFFFFFFFF04FFFFFFFF14000000000000F03F00000000000000000000000000000000
310
140000000000000000000000000000F03F00000000000000001400000000000000000000000000000000000000000000F03F1400000000000000000000000000000000000000000000000006000000000000F03F0B0B0B110D046C756D700CFFFFFFFF04FFFFFFFF0CFFFFFFFF0CFFFFFFFF0C040000000C01000000110D05
310
7368656C6C0CFFFFFFFF04FFFFFFFF0CFFFFFFFF0CFFFFFFFF0CFFFFFFFF0C050000000CFFFFFFFF0C03000000110D04666163650CFFFFFFFF04FFFFFFFF0CFFFFFFFF0C100000000C070000000C040000000CFFFFFFFF0C060000000B0B110E05706C616E650D07737572666163650CFFFFFFFF04FFFFFFFF0CFFFFFFFF13
310
000000000000F0BF0000000000000000000000000000F0BF140000000000000000000000000000F0BF000000000000000014000000000000F03F000000000000000000000000000000000B0B0B0B0B110D046C6F6F700CFFFFFFFF04FFFFFFFF0CFFFFFFFF0CFFFFFFFF0C080000000C05000000110D06636F656467650CFF
310
FFFFFF04FFFFFFFF0CFFFFFFFF0C0A0000000C0E0000000C3A0000000C470000000B0C0700000004000000000C09000000110D067063757276650CFFFFFFFF04FFFFFFFF0CFFFFFFFF04000000000B0F0D0B6578705F7061725F6375720D046E75627304010000001500000000040200000006000000000000000004010000
310
0006000000000000344004010000000600000000000024C00600000000000004C00600000000000024400600000000000004C00600000000000000000D05706C616E6513000000000000F0BF0000000000000000000000000000F0BF140000000000000000000000000000F0BF000000000000000014000000000000F03F00
310
0000000000000000000000000000000B0B0B0B0B10060000000000000000060000000000000000110D06636F656467650CFFFFFFFF04FFFFFFFF0CFFFFFFFF0C0C0000000C080000000C190000000C590000000B0C0700000004000000000C0B000000110D067063757276650CFFFFFFFF04FFFFFFFF0CFFFFFFFF04000000
310
000B0F0D0B6578705F7061725F6375720D046E756273040100000015000000000402000000060000000000000000040100000006000000000000144004010000000600000000000024400600000000000004C00600000000000024400600000000000004400600000000000000000D05706C616E6513000000000000F0BF00
310
00000000000000000000000000F0BF140000000000000000000000000000F0BF000000000000000014000000000000F03F000000000000000000000000000000000B0B0B0B0B10060000000000000000060000000000000000110D06636F656467650CFFFFFFFF04FFFFFFFF0CFFFFFFFF0C0E0000000C0A0000000C3F0000
310
000C4F0000000A0C0700000004000000000C0D000000110D067063757276650CFFFFFFFF04FFFFFFFF0CFFFFFFFF04000000000B0F0D0B6578705F7061725F6375720D046E7562730401000000150000000004020000000600000000000034C004010000000600000000000000800401000000060000000000002440060000
310
0000000004400600000000000024C00600000000000004400600000000000000000D05706C616E6513000000000000F0BF0000000000000000000000000000F0BF140000000000000000000000000000F0BF000000000000000014000000000000F03F000000000000000000000000000000000B0B0B0B0B10060000000000
310
000000060000000000000000110D06636F656467650CFFFFFFFF04FFFFFFFF0CFFFFFFFF0C080000000C0C0000000C2B0000000C570000000A0C0700000004000000000C0F000000110D067063757276650CFFFFFFFF04FFFFFFFF0CFFFFFFFF04000000000B0F0D0B6578705F7061725F6375720D046E7562730401000000
310
150000000004020000000600000000000014C0040100000006000000000000008004010000000600000000000024C00600000000000004400600000000000024C00600000000000004C00600000000000000000D05706C616E6513000000000000F0BF0000000000000000000000000000F0BF140000000000000000000000
310
000000F0BF000000000000000014000000000000F03F000000000000000000000000000000000B0B0B0B0B10060000000000000000060000000000000000110D04666163650CFFFFFFFF04FFFFFFFF0CFFFFFFFF0C1B0000000C120000000C040000000CFFFFFFFF0C110000000B0B110E05706C616E650D07737572666163
310
650CFFFFFFFF04FFFFFFFF0CFFFFFFFF130000000000003440000000000000F0BF000000000000F0BF14000000000000F03F00000000000000000000000000000000140000000000000000000000000000F03F00000000000000000B0B0B0B0B110D046C6F6F700CFFFFFFFF04FFFFFFFF0CFFFFFFFF0CFFFFFFFF0C130000
310
000C10000000110D06636F656467650CFFFFFFFF04FFFFFFFF0CFFFFFFFF0C150000000C190000000C380000000C490000000B0C1200000004000000000C14000000110D067063757276650CFFFFFFFF04FFFFFFFF0CFFFFFFFF04000000000B0F0D0B6578705F7061725F6375720D046E7562730401000000150000000004
310
02000000060000000000000000040100000006000000000000244004010000000600000000000014C00600000000000004C00600000000000014400600000000000004C00600000000000000000D05706C616E65130000000000003440000000000000F0BF000000000000F0BF14000000000000F03F000000000000000000
310
00000000000000140000000000000000000000000000F03F00000000000000000B0B0B0B0B10060000000000000000060000000000000000110D06636F656467650CFFFFFFFF04FFFFFFFF0CFFFFFFFF0C170000000C130000000C240000000C5B0000000B0C1200000004000000000C16000000110D067063757276650CFF
310
FFFFFF04FFFFFFFF0CFFFFFFFF04000000000B0F0D0B6578705F7061725F6375720D046E756273040100000015000000000402000000060000000000000000040100000006000000000000144004010000000600000000000014400600000000000004C0060000000000001440060000000000000440060000000000000000
310
0D05706C616E65130000000000003440000000000000F0BF000000000000F0BF14000000000000F03F00000000000000000000000000000000140000000000000000000000000000F03F00000000000000000B0B0B0B0B10060000000000000000060000000000000000110D06636F656467650CFFFFFFFF04FFFFFFFF0CFF
310
FFFFFF0C190000000C150000000C410000000C510000000A0C1200000004000000000C18000000110D067063757276650CFFFFFFFF04FFFFFFFF0CFFFFFFFF04000000000B0F0D0B6578705F7061725F6375720D046E7562730401000000150000000004020000000600000000000024C00401000000060000000000000080
310
04010000000600000000000014400600000000000004400600000000000014C00600000000000004400600000000000000000D05706C616E65130000000000003440000000000000F0BF000000000000F0BF14000000000000F03F00000000000000000000000000000000140000000000000000000000000000F03F000000
310
00000000000B0B0B0B0B10060000000000000000060000000000000000110D06636F656467650CFFFFFFFF04FFFFFFFF0CFFFFFFFF0C130000000C170000000C0A0000000C590000000A0C1200000004000000000C1A000000110D067063757276650CFFFFFFFF04FFFFFFFF0CFFFFFFFF04000000000B0F0D0B6578705F70
310
61725F6375720D046E7562730401000000150000000004020000000600000000000014C0040100000006000000000000008004010000000600000000000014C00600000000000004400600000000000014C00600000000000004C00600000000000000000D05706C616E65130000000000003440000000000000F0BF000000
310
000000F0BF14000000000000F03F00000000000000000000000000000000140000000000000000000000000000F03F00000000000000000B0B0B0B0B10060000000000000000060000000000000000110D04666163650CFFFFFFFF04FFFFFFFF0CFFFFFFFF0C260000000C1D0000000C040000000CFFFFFFFF0C1C0000000B
310
0B110E05706C616E650D07737572666163650CFFFFFFFF04FFFFFFFF0CFFFFFFFF1300000000000035400000000000002440000000000000F0BF140000000000000000000000000000F03F000000000000008014000000000000F0BF000000000000000000000000000000000B0B0B0B0B110D046C6F6F700CFFFFFFFF04FF
310
FFFFFF0CFFFFFFFF0CFFFFFFFF0C1E0000000C1B000000110D06636F656467650CFFFFFFFF04FFFFFFFF0CFFFFFFFF0C200000000C240000000C360000000C4B0000000B0C1D00000004000000000C1F000000110D067063757276650CFFFFFFFF04FFFFFFFF0CFFFFFFFF04000000000B0F0D0B6578705F7061725F637572
310
0D046E756273040100000015000000000402000000060000000000000000040100000006000000000000344004010000000600000000000024C00600000000000004C00600000000000024400600000000000004C00600000000000000000D05706C616E651300000000000035400000000000002440000000000000F0BF14
310
0000000000000000000000000000F03F000000000000008014000000000000F0BF000000000000000000000000000000000B0B0B0B0B10060000000000000000060000000000000000110D06636F656467650CFFFFFFFF04FFFFFFFF0CFFFFFFFF0C220000000C1E0000000C2F0000000C5D0000000B0C1D00000004000000
310
000C21000000110D067063757276650CFFFFFFFF04FFFFFFFF0CFFFFFFFF04000000000B0F0D0B6578705F7061725F6375720D046E756273040100000015000000000402000000060000000000000000040100000006000000000000144004010000000600000000000024400600000000000004C006000000000000244006
310
00000000000004400600000000000000000D05706C616E651300000000000035400000000000002440000000000000F0BF140000000000000000000000000000F03F000000000000008014000000000000F0BF000000000000000000000000000000000B0B0B0B0B10060000000000000000060000000000000000110D0663
310
6F656467650CFFFFFFFF04FFFFFFFF0CFFFFFFFF0C240000000C200000000C430000000C530000000A0C1D00000004000000000C23000000110D067063757276650CFFFFFFFF04FFFFFFFF0CFFFFFFFF04000000000B0F0D0B6578705F7061725F6375720D046E756273040100000015000000000402000000060000000000
310
0034C0040100000006000000000000008004010000000600000000000024400600000000000004400600000000000024C00600000000000004400600000000000000000D05706C616E651300000000000035400000000000002440000000000000F0BF140000000000000000000000000000F03F0000000000000080140000
310
00000000F0BF000000000000000000000000000000000B0B0B0B0B10060000000000000000060000000000000000110D06636F656467650CFFFFFFFF04FFFFFFFF0CFFFFFFFF0C1E0000000C220000000C150000000C5B0000000A0C1D00000004000000000C25000000110D067063757276650CFFFFFFFF04FFFFFFFF0CFF
310
FFFFFF04000000000B0F0D0B6578705F7061725F6375720D046E7562730401000000150000000004020000000600000000000014C0040100000006000000000000008004010000000600000000000024C00600000000000004400600000000000024C00600000000000004C00600000000000000000D05706C616E65130000
310
0000000035400000000000002440000000000000F0BF140000000000000000000000000000F03F000000000000008014000000000000F0BF000000000000000000000000000000000B0B0B0B0B10060000000000000000060000000000000000110D04666163650CFFFFFFFF04FFFFFFFF0CFFFFFFFF0C310000000C280000
310
000C040000000CFFFFFFFF0C270000000B0B110E05706C616E650D07737572666163650CFFFFFFFF04FFFFFFFF0CFFFFFFFF1300000000000000000000000000002640000000000000F0BF14000000000000F0BF00000000000000000000000000000000140000000000000000000000000000F0BF00000000000000000B0B
310
0B0B0B110D046C6F6F700CFFFFFFFF04FFFFFFFF0CFFFFFFFF0CFFFFFFFF0C290000000C26000000110D06636F656467650CFFFFFFFF04FFFFFFFF0CFFFFFFFF0C2B0000000C2F0000000C340000000C4D0000000B0C2800000004000000000C2A000000110D067063757276650CFFFFFFFF04FFFFFFFF0CFFFFFFFF040000
310
00000B0F0D0B6578705F7061725F6375720D046E756273040100000015000000000402000000060000000000000000040100000006000000000000244004010000000600000000000014C00600000000000004C00600000000000014400600000000000004C00600000000000000000D05706C616E65130000000000000000
310
0000000000002640000000000000F0BF14000000000000F0BF00000000000000000000000000000000140000000000000000000000000000F0BF00000000000000000B0B0B0B0B10060000000000000000060000000000000000110D06636F656467650CFFFFFFFF04FFFFFFFF0CFFFFFFFF0C2D0000000C290000000C0E00
310
00000C570000000B0C2800000004000000000C2C000000110D067063757276650CFFFFFFFF04FFFFFFFF0CFFFFFFFF04000000000B0F0D0B6578705F7061725F6375720D046E756273040100000015000000000402000000060000000000000000040100000006000000000000144004010000000600000000000014400600
310
000000000004C00600000000000014400600000000000004400600000000000000000D05706C616E651300000000000000000000000000002640000000000000F0BF14000000000000F0BF00000000000000000000000000000000140000000000000000000000000000F0BF00000000000000000B0B0B0B0B100600000000
310
00000000060000000000000000110D06636F656467650CFFFFFFFF04FFFFFFFF0CFFFFFFFF0C2F0000000C2B0000000C450000000C550000000A0C2800000004000000000C2E000000110D067063757276650CFFFFFFFF04FFFFFFFF0CFFFFFFFF04000000000B0F0D0B6578705F7061725F6375720D046E75627304010000
310
00150000000004020000000600000000000024C0040100000006000000000000008004010000000600000000000014400600000000000004400600000000000014C00600000000000004400600000000000000000D05706C616E651300000000000000000000000000002640000000000000F0BF14000000000000F0BF0000
310
0000000000000000000000000000140000000000000000000000000000F0BF00000000000000000B0B0B0B0B10060000000000000000060000000000000000110D06636F656467650CFFFFFFFF04FFFFFFFF0CFFFFFFFF0C290000000C2D0000000C200000000C5D0000000A0C2800000004000000000C30000000110D0670
310
63757276650CFFFFFFFF04FFFFFFFF0CFFFFFFFF04000000000B0F0D0B6578705F7061725F6375720D046E7562730401000000150000000004020000000600000000000014C0040100000006000000000000008004010000000600000000000014C00600000000000004400600000000000014C00600000000000004C00600
310
000000000000000D05706C616E651300000000000000000000000000002640000000000000F0BF14000000000000F0BF00000000000000000000000000000000140000000000000000000000000000F0BF00000000000000000B0B0B0B0B10060000000000000000060000000000000000110D04666163650CFFFFFFFF04FF
310
FFFFFF0CFFFFFFFF0C3C0000000C330000000C040000000CFFFFFFFF0C320000000B0B110E05706C616E650D07737572666163650CFFFFFFFF04FFFFFFFF0CFFFFFFFF13000000000000F0BF000000000000F0BF00000000000000001400000000000000000000000000000000000000000000F0BF14000000000000000000
310
0000000000F03F00000000000000000B0B0B0B0B110D046C6F6F700CFFFFFFFF04FFFFFFFF0CFFFFFFFF0CFFFFFFFF0C340000000C31000000110D06636F656467650CFFFFFFFF04FFFFFFFF0CFFFFFFFF0C360000000C3A0000000C290000000C4D0000000A0C3300000004000000000C35000000110D067063757276650C
310
FFFFFFFF04FFFFFFFF0CFFFFFFFF04000000000B0F0D0B6578705F7061725F6375720D046E7562730401000000150000000004020000000600000000000024C0040100000006000000000000008004010000000600000000000014C00600000000000024C00600000000000014400600000000000024C00600000000000000
310
000D05706C616E6513000000000000F0BF000000000000F0BF00000000000000001400000000000000000000000000000000000000000000F0BF140000000000000000000000000000F03F00000000000000000B0B0B0B0B10060000000000000000060000000000000000110D06636F656467650CFFFFFFFF04FFFFFFFF0C
310
FFFFFFFF0C380000000C340000000C1E0000000C4B0000000A0C3300000004000000000C37000000110D067063757276650CFFFFFFFF04FFFFFFFF0CFFFFFFFF04000000000B0F0D0B6578705F7061725F6375720D046E7562730401000000150000000004020000000600000000000034C004010000000600000000000000
310
8004010000000600000000000014400600000000000024C00600000000000014400600000000000024400600000000000000000D05706C616E6513000000000000F0BF000000000000F0BF00000000000000001400000000000000000000000000000000000000000000F0BF140000000000000000000000000000F03F0000
310
0000000000000B0B0B0B0B10060000000000000000060000000000000000110D06636F656467650CFFFFFFFF04FFFFFFFF0CFFFFFFFF0C3A0000000C360000000C130000000C490000000A0C3300000004000000000C39000000110D067063757276650CFFFFFFFF04FFFFFFFF0CFFFFFFFF04000000000B0F0D0B6578705F
310
7061725F6375720D046E7562730401000000150000000004020000000600000000000024C0040100000006000000000000008004010000000600000000000014400600000000000024400600000000000014C00600000000000024400600000000000000000D05706C616E6513000000000000F0BF000000000000F0BF0000
310
0000000000001400000000000000000000000000000000000000000000F0BF140000000000000000000000000000F03F00000000000000000B0B0B0B0B10060000000000000000060000000000000000110D06636F656467650CFFFFFFFF04FFFFFFFF0CFFFFFFFF0C340000000C380000000C080000000C470000000A0C33
310
00000004000000000C3B000000110D067063757276650CFFFFFFFF04FFFFFFFF0CFFFFFFFF04000000000B0F0D0B6578705F7061725F6375720D046E7562730401000000150000000004020000000600000000000034C0040100000006000000000000008004010000000600000000000014C0060000000000002440060000
310
0000000014C00600000000000024C00600000000000000000D05706C616E6513000000000000F0BF000000000000F0BF00000000000000001400000000000000000000000000000000000000000000F0BF140000000000000000000000000000F03F00000000000000000B0B0B0B0B10060000000000000000060000000000
310
000000110D04666163650CFFFFFFFF04FFFFFFFF0CFFFFFFFF0CFFFFFFFF0C3E0000000C040000000CFFFFFFFF0C3D0000000B0B110E05706C616E650D07737572666163650CFFFFFFFF04FFFFFFFF0CFFFFFFFF13000000000000F0BF000000000000F0BF0000000000001440140000000000000000000000000000000000
310
0000000000F03F14000000000000F03F000000000000000000000000000000000B0B0B0B0B110D046C6F6F700CFFFFFFFF04FFFFFFFF0CFFFFFFFF0CFFFFFFFF0C3F0000000C3C000000110D06636F656467650CFFFFFFFF04FFFFFFFF0CFFFFFFFF0C410000000C450000000C0C0000000C4F0000000B0C3E000000040000
310
00000C40000000110D067063757276650CFFFFFFFF04FFFFFFFF0CFFFFFFFF04000000000B0F0D0B6578705F7061725F6375720D046E756273040100000015000000000402000000060000000000000000040100000006000000000000344004010000000600000000000024C00600000000000014C0060000000000002440
310
0600000000000014C00600000000000000000D05706C616E6513000000000000F0BF000000000000F0BF00000000000014401400000000000000000000000000000000000000000000F03F14000000000000F03F000000000000000000000000000000000B0B0B0B0B10060000000000000000060000000000000000110D06
310
636F656467650CFFFFFFFF04FFFFFFFF0CFFFFFFFF0C430000000C3F0000000C170000000C510000000B0C3E00000004000000000C42000000110D067063757276650CFFFFFFFF04FFFFFFFF0CFFFFFFFF04000000000B0F0D0B6578705F7061725F6375720D046E7562730401000000150000000004020000000600000000
310
00000000040100000006000000000000244004010000000600000000000024400600000000000014C00600000000000024400600000000000014400600000000000000000D05706C616E6513000000000000F0BF000000000000F0BF00000000000014401400000000000000000000000000000000000000000000F03F1400
310
0000000000F03F000000000000000000000000000000000B0B0B0B0B10060000000000000000060000000000000000110D06636F656467650CFFFFFFFF04FFFFFFFF0CFFFFFFFF0C450000000C410000000C220000000C530000000B0C3E00000004000000000C44000000110D067063757276650CFFFFFFFF04FFFFFFFF0C
310
FFFFFFFF04000000000B0F0D0B6578705F7061725F6375720D046E756273040100000015000000000402000000060000000000000000040100000006000000000000344004010000000600000000000024400600000000000014400600000000000024C00600000000000014400600000000000000000D05706C616E651300
310
0000000000F0BF000000000000F0BF00000000000014401400000000000000000000000000000000000000000000F03F14000000000000F03F000000000000000000000000000000000B0B0B0B0B10060000000000000000060000000000000000110D06636F656467650CFFFFFFFF04FFFFFFFF0CFFFFFFFF0C3F0000000C
310
430000000C2D0000000C550000000B0C3E00000004000000000C46000000110D067063757276650CFFFFFFFF04FFFFFFFF0CFFFFFFFF04000000000B0F0D0B6578705F7061725F6375720D046E7562730401000000150000000004020000000600000000000000000401000000060000000000002440040100000006000000
310
00000024C00600000000000014400600000000000024C00600000000000014C00600000000000000000D05706C616E6513000000000000F0BF000000000000F0BF00000000000014401400000000000000000000000000000000000000000000F03F14000000000000F03F000000000000000000000000000000000B0B0B0B
310
0B10060000000000000000060000000000000000110D04656467650CFFFFFFFF04FFFFFFFF0CFFFFFFFF0C5F0000000600000000000000800C610000000600000000000034400C080000000C480000000B0707756E6B6E6F776E110E08696E7463757276650D0563757276650CFFFFFFFF04FFFFFFFF0CFFFFFFFF0B0F0D0D
310
65786163745F696E745F63757204FC53000015000000000D046E7562730401000000150000000004020000000600000000000000800401000000060000000000003440040100000006000000000000D43C06000000000000000006000000000000000006000000000000344006000000000000000006000000000000000006
310
00000000000000000D0C6E756C6C5F737572666163650D0C6E756C6C5F737572666163650D066E756C6C62730D066E756C6C62730B0B04000000000400000000040000000004000000000A0600000000000000800A06000000000000344015040000001504000000100A0600000000000000800A060000000000003440110D
310
04656467650CFFFFFFFF04FFFFFFFF0CFFFFFFFF0C610000000600000000000000800C630000000600000000000024400C130000000C4A0000000B0707756E6B6E6F776E110E08696E7463757276650D0563757276650CFFFFFFFF04FFFFFFFF0CFFFFFFFF0B0F0D0D65786163745F696E745F63757204FC53000015000000
310
000D046E7562730401000000150000000004020000000600000000000000800401000000060000000000002440040100000006000000000000344006000000000000B03C06000000000000000006000000000000344006FFFFFFFFFFFF23400600000000000000000600000000000000000D0C6E756C6C5F73757266616365
310
0D0C6E756C6C5F737572666163650D066E756C6C62730D066E756C6C62730B0B04000000000400000000040000000004000000000A0600000000000000800A06000000000000244015040000001504000000100A0600000000000000800A060000000000002440110D04656467650CFFFFFFFF04FFFFFFFF0CFFFFFFFF0C63
310
0000000600000000000000800C650000000600000000000034400C1E0000000C4C0000000B0707756E6B6E6F776E110E08696E7463757276650D0563757276650CFFFFFFFF04FFFFFFFF0CFFFFFFFF0B0F0D0D65786163745F696E745F63757204FC53000015000000000D046E756273040100000015000000000402000000
310
0600000000000000800401000000060000000000003440040100000006000000000000344006FFFFFFFFFFFF234006000000000000000006000000000000D43C06FFFFFFFFFFFF23400600000000000000000600000000000000000D0C6E756C6C5F737572666163650D0C6E756C6C5F737572666163650D066E756C6C6273
310
0D066E756C6C62730B0B04000000000400000000040000000004000000000A0600000000000000800A06000000000000344015040000001504000000100A0600000000000000800A060000000000003440110D04656467650CFFFFFFFF04FFFFFFFF0CFFFFFFFF0C650000000600000000000000800C5F0000000600000000
310
000024400C290000000C4E0000000B0707756E6B6E6F776E110E08696E7463757276650D0563757276650CFFFFFFFF04FFFFFFFF0CFFFFFFFF0B0F0D0D65786163745F696E745F63757204FC53000015000000000D046E75627304010000001500000000040200000006000000000000008004010000000600000000000024
310
40040100000006000000000000000006FFFFFFFFFFFF234006000000000000000006000000000000000006000000000000B03C0600000000000000000600000000000000000D0C6E756C6C5F737572666163650D0C6E756C6C5F737572666163650D066E756C6C62730D066E756C6C62730B0B040000000004000000000400
310
00000004000000000A0600000000000000800A06000000000000244015040000001504000000100A0600000000000000800A060000000000002440110D04656467650CFFFFFFFF04FFFFFFFF0CFFFFFFFF0C670000000600000000000000000C690000000600000000000034400C0C0000000C500000000B0707756E6B6E6F
310
776E110E08696E7463757276650D0563757276650CFFFFFFFF04FFFFFFFF0CFFFFFFFF0B0F0D0D65786163745F696E745F63757204FC53000015000000000D046E7562730401000000150000000004020000000600000000000000000401000000060000000000003440040100000006000000000000D43C06000000000000
310
00000600000000000014400600000000000034400600000000000000000600000000000014400600000000000000000D0C6E756C6C5F737572666163650D0C6E756C6C5F737572666163650D066E756C6C62730D066E756C6C62730B0B04000000000400000000040000000004000000000A0600000000000000000A060000
310
00000000344015040000001504000000100A0600000000000000000A060000000000003440110D04656467650CFFFFFFFF04FFFFFFFF0CFFFFFFFF0C690000000600000000000000000C6B0000000600000000000024400C170000000C520000000B0707756E6B6E6F776E110E08696E7463757276650D0563757276650CFF
310
FFFFFF04FFFFFFFF0CFFFFFFFF0B0F0D0D65786163745F696E745F63757204FC53000015000000000D046E7562730401000000150000000004020000000600000000000000000401000000060000000000002440040100000006000000000000344006000000000000B03C06000000000000144006000000000000344006FF
310
FFFFFFFFFF23400600000000000014400600000000000000000D0C6E756C6C5F737572666163650D0C6E756C6C5F737572666163650D066E756C6C62730D066E756C6C62730B0B04000000000400000000040000000004000000000A0600000000000000000A06000000000000244015040000001504000000100A06000000
310
00000000000A060000000000002440110D04656467650CFFFFFFFF04FFFFFFFF0CFFFFFFFF0C6B0000000600000000000000000C6D0000000600000000000034400C220000000C540000000B0707756E6B6E6F776E110E08696E7463757276650D0563757276650CFFFFFFFF04FFFFFFFF0CFFFFFFFF0B0F0D0D6578616374
310
5F696E745F63757204FC53000015000000000D046E7562730401000000150000000004020000000600000000000000000401000000060000000000003440040100000006000000000000344006FFFFFFFFFFFF234006000000000000144006000000000000D43C06FFFFFFFFFFFF2340060000000000001440060000000000
310
0000000D0C6E756C6C5F737572666163650D0C6E756C6C5F737572666163650D066E756C6C62730D066E756C6C62730B0B04000000000400000000040000000004000000000A0600000000000000000A06000000000000344015040000001504000000100A0600000000000000000A060000000000003440110D0465646765
310
0CFFFFFFFF04FFFFFFFF0CFFFFFFFF0C6D0000000600000000000000000C670000000600000000000024400C2D0000000C560000000B0707756E6B6E6F776E110E08696E7463757276650D0563757276650CFFFFFFFF04FFFFFFFF0CFFFFFFFF0B0F0D0D65786163745F696E745F63757204FC53000015000000000D046E75
310
62730401000000150000000004020000000600000000000000000401000000060000000000002440040100000006000000000000000006FFFFFFFFFFFF234006000000000000144006000000000000000006000000000000B03C0600000000000014400600000000000000000D0C6E756C6C5F737572666163650D0C6E756C
310
6C5F737572666163650D066E756C6C62730D066E756C6C62730B0B04000000000400000000040000000004000000000A0600000000000000000A06000000000000244015040000001504000000100A0600000000000000000A060000000000002440110D04656467650CFFFFFFFF04FFFFFFFF0CFFFFFFFF0C5F00000006FF
310
FFFFFFFFFFB73C0C670000000600000000000014400C0E0000000C580000000B0707756E6B6E6F776E110E08696E7463757276650D0563757276650CFFFFFFFF04FFFFFFFF0CFFFFFFFF0B0F0D0D65786163745F696E745F63757204FC53000015000000000D046E7562730401000000150000000004020000000600000000
310
000000000401000000060000000000001440040100000006000000000000000006000000000000000006000000000000B8BC06000000000000000006000000000000000006FFFFFFFFFFFF13400600000000000000000D0C6E756C6C5F737572666163650D0C6E756C6C5F737572666163650D066E756C6C62730D066E756C
310
6C62730B0B04000000000400000000040000000004000000000A0600000000000000000A06000000000000144015040000001504000000100A0600000000000000000A060000000000001440110D04656467650CFFFFFFFF04FFFFFFFF0CFFFFFFFF0C610000000600000000000000800C690000000600000000000014400C
310
0A0000000C5A0000000B0707756E6B6E6F776E110E08696E7463757276650D0563757276650CFFFFFFFF04FFFFFFFF0CFFFFFFFF0B0F0D0D65786163745F696E745F63757204FC53000015000000000D046E756273040100000015000000000402000000060000000000000080040100000006000000000000144004010000
310
0006000000000000344006000000000000000006000000000000B8BC06000000000000344006000000000000000006FFFFFFFFFFFF13400600000000000000000D0C6E756C6C5F737572666163650D0C6E756C6C5F737572666163650D066E756C6C62730D066E756C6C62730B0B0400000000040000000004000000000400
310
0000000A0600000000000000800A06000000000000144015040000001504000000100A0600000000000000800A060000000000001440110D04656467650CFFFFFFFF04FFFFFFFF0CFFFFFFFF0C630000000600000000000000800C6B0000000600000000000014400C150000000C5C0000000B0707756E6B6E6F776E110E08
310
696E7463757276650D0563757276650CFFFFFFFF04FFFFFFFF0CFFFFFFFF0B0F0D0D65786163745F696E745F63757204FC53000015000000000D046E75627304010000001500000000040200000006000000000000008004010000000600000000000014400401000000060000000000003440060000000000002440060000
310
00000000B8BC06000000000000344006000000000000244006FFFFFFFFFFFF13400600000000000000000D0C6E756C6C5F737572666163650D0C6E756C6C5F737572666163650D066E756C6C62730D066E756C6C62730B0B04000000000400000000040000000004000000000A0600000000000000800A0600000000000014
310
4015040000001504000000100A0600000000000000800A060000000000001440110D04656467650CFFFFFFFF04FFFFFFFF0CFFFFFFFF0C650000000600000000000000800C6D0000000600000000000014400C200000000C5E0000000B0707756E6B6E6F776E110E08696E7463757276650D0563757276650CFFFFFFFF04FF
310
FFFFFF0CFFFFFFFF0B0F0D0D65786163745F696E745F63757204FC53000015000000000D046E7562730401000000150000000004020000000600000000000000800401000000060000000000001440040100000006000000000000000006FFFFFFFFFFFF234006000000000000B8BC06000000000000000006FFFFFFFFFFFF
310
234006FFFFFFFFFFFF13400600000000000000000D0C6E756C6C5F737572666163650D0C6E756C6C5F737572666163650D066E756C6C62730D066E756C6C62730B0B04000000000400000000040000000004000000000A0600000000000000800A06000000000000144015040000001504000000100A060000000000000080
310
0A060000000000001440110D067665727465780CFFFFFFFF04FFFFFFFF0CFFFFFFFF0C4700000004020000000C60000000110D05706F696E740CFFFFFFFF04FFFFFFFF0CFFFFFFFF130000000000000000000000000000B03C0000000000000000110D067665727465780CFFFFFFFF04FFFFFFFF0CFFFFFFFF0C4700000004
310
020000000C62000000110D05706F696E740CFFFFFFFF04FFFFFFFF0CFFFFFFFF130000000000003440000000000000B03C0000000000000000110D067665727465780CFFFFFFFF04FFFFFFFF0CFFFFFFFF0C4900000004020000000C64000000110D05706F696E740CFFFFFFFF04FFFFFFFF0CFFFFFFFF1300000000000034
310
40FFFFFFFFFFFF23400000000000000000110D067665727465780CFFFFFFFF04FFFFFFFF0CFFFFFFFF0C4B00000004020000000C66000000110D05706F696E740CFFFFFFFF04FFFFFFFF0CFFFFFFFF130000000000000000FFFFFFFFFFFF23400000000000000000110D067665727465780CFFFFFFFF04FFFFFFFF0CFFFFFF
310
FF0C4F00000004020000000C68000000110D05706F696E740CFFFFFFFF04FFFFFFFF0CFFFFFFFF13000000000000D43C00000000000000000000000000001440110D067665727465780CFFFFFFFF04FFFFFFFF0CFFFFFFFF0C4F00000004020000000C6A000000110D05706F696E740CFFFFFFFF04FFFFFFFF0CFFFFFFFF13
310
000000000000344000000000000000000000000000001440110D067665727465780CFFFFFFFF04FFFFFFFF0CFFFFFFFF0C5100000004020000000C6C000000110D05706F696E740CFFFFFFFF04FFFFFFFF0CFFFFFFFF130000000000003440FFFFFFFFFFFF23400000000000001440110D067665727465780CFFFFFFFF04FF
310
FFFFFF0CFFFFFFFF0C5300000004020000000C6E000000110D05706F696E740CFFFFFFFF04FFFFFFFF0CFFFFFFFF13000000000000D43CFFFFFFFFFFFF23400000000000001440110E03456E640E026F660E0341534D0D0464617461
  0
ENDSEC
  0
EOF
