ISO-10303-21;
HEADER;
/* Generated by software containing ST-Developer
 * from STEP Tools, Inc. (www.steptools.com) 
 */
/* OPTION: using custom schema-name function */

FILE_DESCRIPTION(
/* description */ (''),
/* implementation_level */ '2;1');

FILE_NAME(
/* name */ 'as1-ac-214Ex',
/* time_stamp */ '2021-11-30T15:24:39-08:00',
/* author */ (''),
/* organization */ (''),
/* preprocessor_version */ 'ST-DEVELOPER v19',
/* originating_system */ 'Rhino 8.0',
/* authorisation */ '');

FILE_SCHEMA (('AUTOMOTIVE_DESIGN'));
ENDSEC;

DATA;
#10=(
REPRESENTATION_RELATIONSHIP($,$,#1150,#1149)
REPRESENTATION_RELATIONSHIP_WITH_TRANSFORMATION(#23)
SHAPE_REPRESENTATION_RELATIONSHIP()
);
#11=(
REPRESENTATION_RELATIONSHIP($,$,#1152,#1151)
REPRESENTATION_RELATIONSHIP_WITH_TRANSFORMATION(#24)
SHAPE_REPRESENTATION_RELATIONSHIP()
);
#12=(
REPRESENTATION_RELATIONSHIP($,$,#1154,#1153)
REPRESENTATION_RELATIONSHIP_WITH_TRANSFORMATION(#25)
SHAPE_REPRESENTATION_RELATIONSHIP()
);
#13=(
REPRESENTATION_RELATIONSHIP($,$,#1155,#1153)
REPRESENTATION_RELATIONSHIP_WITH_TRANSFORMATION(#26)
SHAPE_REPRESENTATION_RELATIONSHIP()
);
#14=(
REPRESENTATION_RELATIONSHIP($,$,#1153,#1151)
REPRESENTATION_RELATIONSHIP_WITH_TRANSFORMATION(#27)
SHAPE_REPRESENTATION_RELATIONSHIP()
);
#15=(
REPRESENTATION_RELATIONSHIP($,$,#1153,#1151)
REPRESENTATION_RELATIONSHIP_WITH_TRANSFORMATION(#28)
SHAPE_REPRESENTATION_RELATIONSHIP()
);
#16=(
REPRESENTATION_RELATIONSHIP($,$,#1153,#1151)
REPRESENTATION_RELATIONSHIP_WITH_TRANSFORMATION(#29)
SHAPE_REPRESENTATION_RELATIONSHIP()
);
#17=(
REPRESENTATION_RELATIONSHIP($,$,#1151,#1149)
REPRESENTATION_RELATIONSHIP_WITH_TRANSFORMATION(#30)
SHAPE_REPRESENTATION_RELATIONSHIP()
);
#18=(
REPRESENTATION_RELATIONSHIP($,$,#1151,#1149)
REPRESENTATION_RELATIONSHIP_WITH_TRANSFORMATION(#31)
SHAPE_REPRESENTATION_RELATIONSHIP()
);
#19=(
REPRESENTATION_RELATIONSHIP($,$,#1157,#1156)
REPRESENTATION_RELATIONSHIP_WITH_TRANSFORMATION(#32)
SHAPE_REPRESENTATION_RELATIONSHIP()
);
#20=(
REPRESENTATION_RELATIONSHIP($,$,#1155,#1156)
REPRESENTATION_RELATIONSHIP_WITH_TRANSFORMATION(#33)
SHAPE_REPRESENTATION_RELATIONSHIP()
);
#21=(
REPRESENTATION_RELATIONSHIP($,$,#1155,#1156)
REPRESENTATION_RELATIONSHIP_WITH_TRANSFORMATION(#34)
SHAPE_REPRESENTATION_RELATIONSHIP()
);
#22=(
REPRESENTATION_RELATIONSHIP($,$,#1156,#1149)
REPRESENTATION_RELATIONSHIP_WITH_TRANSFORMATION(#35)
SHAPE_REPRESENTATION_RELATIONSHIP()
);
#23=ITEM_DEFINED_TRANSFORMATION($,$,#1159,#1179);
#24=ITEM_DEFINED_TRANSFORMATION($,$,#1181,#1199);
#25=ITEM_DEFINED_TRANSFORMATION($,$,#1201,#1210);
#26=ITEM_DEFINED_TRANSFORMATION($,$,#1211,#1221);
#27=ITEM_DEFINED_TRANSFORMATION($,$,#1200,#1222);
#28=ITEM_DEFINED_TRANSFORMATION($,$,#1200,#1223);
#29=ITEM_DEFINED_TRANSFORMATION($,$,#1200,#1224);
#30=ITEM_DEFINED_TRANSFORMATION($,$,#1180,#1225);
#31=ITEM_DEFINED_TRANSFORMATION($,$,#1180,#1226);
#32=ITEM_DEFINED_TRANSFORMATION($,$,#1228,#1234);
#33=ITEM_DEFINED_TRANSFORMATION($,$,#1211,#1235);
#34=ITEM_DEFINED_TRANSFORMATION($,$,#1211,#1236);
#35=ITEM_DEFINED_TRANSFORMATION($,$,#1227,#1237);
#36=CONTEXT_DEPENDENT_SHAPE_REPRESENTATION(#10,#985);
#37=CONTEXT_DEPENDENT_SHAPE_REPRESENTATION(#11,#988);
#38=CONTEXT_DEPENDENT_SHAPE_REPRESENTATION(#12,#991);
#39=CONTEXT_DEPENDENT_SHAPE_REPRESENTATION(#13,#993);
#40=CONTEXT_DEPENDENT_SHAPE_REPRESENTATION(#14,#994);
#41=CONTEXT_DEPENDENT_SHAPE_REPRESENTATION(#15,#995);
#42=CONTEXT_DEPENDENT_SHAPE_REPRESENTATION(#16,#996);
#43=CONTEXT_DEPENDENT_SHAPE_REPRESENTATION(#17,#997);
#44=CONTEXT_DEPENDENT_SHAPE_REPRESENTATION(#18,#998);
#45=CONTEXT_DEPENDENT_SHAPE_REPRESENTATION(#19,#1001);
#46=CONTEXT_DEPENDENT_SHAPE_REPRESENTATION(#20,#1002);
#47=CONTEXT_DEPENDENT_SHAPE_REPRESENTATION(#21,#1003);
#48=CONTEXT_DEPENDENT_SHAPE_REPRESENTATION(#22,#1004);
#49=NEXT_ASSEMBLY_USAGE_OCCURRENCE($,$,$,#1014,#1015,$);
#50=NEXT_ASSEMBLY_USAGE_OCCURRENCE($,$,$,#1016,#1017,$);
#51=NEXT_ASSEMBLY_USAGE_OCCURRENCE($,$,$,#1018,#1019,$);
#52=NEXT_ASSEMBLY_USAGE_OCCURRENCE($,$,$,#1018,#1020,$);
#53=NEXT_ASSEMBLY_USAGE_OCCURRENCE($,$,$,#1016,#1018,$);
#54=NEXT_ASSEMBLY_USAGE_OCCURRENCE($,$,$,#1016,#1018,$);
#55=NEXT_ASSEMBLY_USAGE_OCCURRENCE($,$,$,#1016,#1018,$);
#56=NEXT_ASSEMBLY_USAGE_OCCURRENCE($,$,$,#1014,#1016,$);
#57=NEXT_ASSEMBLY_USAGE_OCCURRENCE($,$,$,#1014,#1016,$);
#58=NEXT_ASSEMBLY_USAGE_OCCURRENCE($,$,$,#1021,#1022,$);
#59=NEXT_ASSEMBLY_USAGE_OCCURRENCE($,$,$,#1021,#1020,$);
#60=NEXT_ASSEMBLY_USAGE_OCCURRENCE($,$,$,#1021,#1020,$);
#61=NEXT_ASSEMBLY_USAGE_OCCURRENCE($,$,$,#1014,#1021,$);
#62=SHAPE_REPRESENTATION_RELATIONSHIP('','',#1150,#118);
#63=SHAPE_REPRESENTATION_RELATIONSHIP('','',#1152,#119);
#64=SHAPE_REPRESENTATION_RELATIONSHIP('','',#1154,#120);
#65=SHAPE_REPRESENTATION_RELATIONSHIP('','',#1155,#121);
#66=SHAPE_REPRESENTATION_RELATIONSHIP('','',#1157,#122);
#67=COLOUR_RGB('',1.,0.,0.);
#68=COLOUR_RGB('',1.,1.,0.);
#69=COLOUR_RGB('',0.,1.,1.);
#70=COLOUR_RGB('',0.,1.,0.);
#71=COLOUR_RGB('',0.,0.,1.);
#72=FILL_AREA_STYLE_COLOUR('',#67);
#73=FILL_AREA_STYLE_COLOUR('',#68);
#74=FILL_AREA_STYLE_COLOUR('',#69);
#75=FILL_AREA_STYLE_COLOUR('',#70);
#76=FILL_AREA_STYLE_COLOUR('',#71);
#77=FILL_AREA_STYLE('',(#72));
#78=FILL_AREA_STYLE('',(#73));
#79=FILL_AREA_STYLE('',(#74));
#80=FILL_AREA_STYLE('',(#75));
#81=FILL_AREA_STYLE('',(#76));
#82=SURFACE_STYLE_FILL_AREA(#77);
#83=SURFACE_STYLE_FILL_AREA(#78);
#84=SURFACE_STYLE_FILL_AREA(#79);
#85=SURFACE_STYLE_FILL_AREA(#80);
#86=SURFACE_STYLE_FILL_AREA(#81);
#87=SURFACE_SIDE_STYLE('100',(#82));
#88=SURFACE_SIDE_STYLE('52D',(#83));
#89=SURFACE_SIDE_STYLE('870',(#84));
#90=SURFACE_SIDE_STYLE('79A',(#85));
#91=SURFACE_SIDE_STYLE('A52',(#86));
#92=SURFACE_STYLE_USAGE(.BOTH.,#87);
#93=SURFACE_STYLE_USAGE(.BOTH.,#88);
#94=SURFACE_STYLE_USAGE(.BOTH.,#89);
#95=SURFACE_STYLE_USAGE(.BOTH.,#90);
#96=SURFACE_STYLE_USAGE(.BOTH.,#91);
#97=MECHANICAL_DESIGN_GEOMETRIC_PRESENTATION_REPRESENTATION('',(#103,#104,
#105,#106,#107),#1140);
#98=PRESENTATION_STYLE_ASSIGNMENT((#92));
#99=PRESENTATION_STYLE_ASSIGNMENT((#93));
#100=PRESENTATION_STYLE_ASSIGNMENT((#94));
#101=PRESENTATION_STYLE_ASSIGNMENT((#95));
#102=PRESENTATION_STYLE_ASSIGNMENT((#96));
#103=STYLED_ITEM('',(#98),#113);
#104=STYLED_ITEM('',(#99),#114);
#105=STYLED_ITEM('',(#100),#115);
#106=STYLED_ITEM('',(#101),#116);
#107=STYLED_ITEM('',(#102),#117);
#108=PRESENTATION_LAYER_ASSIGNMENT('0','',(#113));
#109=PRESENTATION_LAYER_ASSIGNMENT('0','',(#114));
#110=PRESENTATION_LAYER_ASSIGNMENT('0','',(#115));
#111=PRESENTATION_LAYER_ASSIGNMENT('0','',(#116));
#112=PRESENTATION_LAYER_ASSIGNMENT('0','',(#117));
#113=MANIFOLD_SOLID_BREP('100',#123);
#114=MANIFOLD_SOLID_BREP('52D',#124);
#115=MANIFOLD_SOLID_BREP('870',#125);
#116=MANIFOLD_SOLID_BREP('79A',#126);
#117=MANIFOLD_SOLID_BREP('A52',#127);
#118=ADVANCED_BREP_SHAPE_REPRESENTATION('brep_rep_0',(#113,#1178),#1141);
#119=ADVANCED_BREP_SHAPE_REPRESENTATION('brep_rep_1',(#114,#1198),#1143);
#120=ADVANCED_BREP_SHAPE_REPRESENTATION('brep_rep_2',(#115,#1209),#1145);
#121=ADVANCED_BREP_SHAPE_REPRESENTATION('brep_rep_3',(#116,#1220),#1146);
#122=ADVANCED_BREP_SHAPE_REPRESENTATION('brep_rep_4',(#117,#1233),#1148);
#123=CLOSED_SHELL('',(#151,#152,#153,#154,#155,#156,#157,#158,#159,#160,
#161,#162,#163,#164,#165,#166,#167,#168));
#124=CLOSED_SHELL('',(#169,#170,#171,#172,#173,#174,#175,#176,#177,#178,
#179,#180,#181,#182,#183,#184));
#125=CLOSED_SHELL('',(#185,#186,#187,#188,#189,#190,#191));
#126=CLOSED_SHELL('',(#192,#193,#194,#195,#196,#197,#198,#199));
#127=CLOSED_SHELL('',(#200,#201,#202,#203));
#128=FACE_BOUND('',#274,.T.);
#129=FACE_BOUND('',#275,.T.);
#130=FACE_BOUND('',#276,.T.);
#131=FACE_BOUND('',#277,.T.);
#132=FACE_BOUND('',#278,.T.);
#133=FACE_BOUND('',#279,.T.);
#134=FACE_BOUND('',#281,.T.);
#135=FACE_BOUND('',#282,.T.);
#136=FACE_BOUND('',#283,.T.);
#137=FACE_BOUND('',#284,.T.);
#138=FACE_BOUND('',#285,.T.);
#139=FACE_BOUND('',#286,.T.);
#140=FACE_BOUND('',#296,.T.);
#141=FACE_BOUND('',#297,.T.);
#142=FACE_BOUND('',#298,.T.);
#143=FACE_BOUND('',#300,.T.);
#144=FACE_BOUND('',#303,.T.);
#145=FACE_BOUND('',#305,.T.);
#146=FACE_BOUND('',#306,.T.);
#147=FACE_BOUND('',#307,.T.);
#148=FACE_BOUND('',#317,.T.);
#149=FACE_BOUND('',#326,.T.);
#150=FACE_BOUND('',#328,.T.);
#151=ADVANCED_FACE('',(#204),#946,.F.);
#152=ADVANCED_FACE('',(#205),#947,.F.);
#153=ADVANCED_FACE('',(#206),#948,.F.);
#154=ADVANCED_FACE('',(#207),#949,.F.);
#155=ADVANCED_FACE('',(#208),#950,.F.);
#156=ADVANCED_FACE('',(#209),#951,.F.);
#157=ADVANCED_FACE('',(#210),#952,.F.);
#158=ADVANCED_FACE('',(#211),#953,.F.);
#159=ADVANCED_FACE('',(#212),#954,.F.);
#160=ADVANCED_FACE('',(#213),#955,.F.);
#161=ADVANCED_FACE('',(#214),#956,.F.);
#162=ADVANCED_FACE('',(#215),#957,.F.);
#163=ADVANCED_FACE('',(#216),#921,.T.);
#164=ADVANCED_FACE('',(#217),#922,.T.);
#165=ADVANCED_FACE('',(#218),#923,.T.);
#166=ADVANCED_FACE('',(#219),#924,.T.);
#167=ADVANCED_FACE('',(#220,#128,#129,#130,#131,#132,#133),#925,.T.);
#168=ADVANCED_FACE('',(#221,#134,#135,#136,#137,#138,#139),#926,.T.);
#169=ADVANCED_FACE('',(#222),#958,.F.);
#170=ADVANCED_FACE('',(#223),#959,.F.);
#171=ADVANCED_FACE('',(#224),#960,.F.);
#172=ADVANCED_FACE('',(#225),#961,.F.);
#173=ADVANCED_FACE('',(#226),#962,.F.);
#174=ADVANCED_FACE('',(#227),#963,.F.);
#175=ADVANCED_FACE('',(#228),#964,.F.);
#176=ADVANCED_FACE('',(#229),#965,.F.);
#177=ADVANCED_FACE('',(#230,#140,#141,#142),#927,.T.);
#178=ADVANCED_FACE('',(#231,#143),#928,.T.);
#179=ADVANCED_FACE('',(#232),#929,.T.);
#180=ADVANCED_FACE('',(#233,#144),#930,.T.);
#181=ADVANCED_FACE('',(#234,#145,#146,#147),#931,.T.);
#182=ADVANCED_FACE('',(#235),#932,.T.);
#183=ADVANCED_FACE('',(#236),#933,.T.);
#184=ADVANCED_FACE('',(#237),#934,.T.);
#185=ADVANCED_FACE('',(#238),#966,.T.);
#186=ADVANCED_FACE('',(#239),#967,.T.);
#187=ADVANCED_FACE('',(#240),#968,.T.);
#188=ADVANCED_FACE('',(#241),#935,.T.);
#189=ADVANCED_FACE('',(#242),#969,.T.);
#190=ADVANCED_FACE('',(#243,#148),#936,.T.);
#191=ADVANCED_FACE('',(#244),#937,.T.);
#192=ADVANCED_FACE('',(#245),#970,.F.);
#193=ADVANCED_FACE('',(#246),#971,.F.);
#194=ADVANCED_FACE('',(#247),#938,.T.);
#195=ADVANCED_FACE('',(#248),#939,.T.);
#196=ADVANCED_FACE('',(#249),#940,.T.);
#197=ADVANCED_FACE('',(#250),#941,.T.);
#198=ADVANCED_FACE('',(#251,#149),#942,.T.);
#199=ADVANCED_FACE('',(#252,#150),#943,.T.);
#200=ADVANCED_FACE('',(#253),#972,.T.);
#201=ADVANCED_FACE('',(#254),#973,.T.);
#202=ADVANCED_FACE('',(#255),#944,.T.);
#203=ADVANCED_FACE('',(#256),#945,.T.);
#204=FACE_OUTER_BOUND('',#257,.T.);
#205=FACE_OUTER_BOUND('',#258,.T.);
#206=FACE_OUTER_BOUND('',#259,.T.);
#207=FACE_OUTER_BOUND('',#260,.T.);
#208=FACE_OUTER_BOUND('',#261,.T.);
#209=FACE_OUTER_BOUND('',#262,.T.);
#210=FACE_OUTER_BOUND('',#263,.T.);
#211=FACE_OUTER_BOUND('',#264,.T.);
#212=FACE_OUTER_BOUND('',#265,.T.);
#213=FACE_OUTER_BOUND('',#266,.T.);
#214=FACE_OUTER_BOUND('',#267,.T.);
#215=FACE_OUTER_BOUND('',#268,.T.);
#216=FACE_OUTER_BOUND('',#269,.T.);
#217=FACE_OUTER_BOUND('',#270,.T.);
#218=FACE_OUTER_BOUND('',#271,.T.);
#219=FACE_OUTER_BOUND('',#272,.T.);
#220=FACE_OUTER_BOUND('',#273,.T.);
#221=FACE_OUTER_BOUND('',#280,.T.);
#222=FACE_OUTER_BOUND('',#287,.T.);
#223=FACE_OUTER_BOUND('',#288,.T.);
#224=FACE_OUTER_BOUND('',#289,.T.);
#225=FACE_OUTER_BOUND('',#290,.T.);
#226=FACE_OUTER_BOUND('',#291,.T.);
#227=FACE_OUTER_BOUND('',#292,.T.);
#228=FACE_OUTER_BOUND('',#293,.T.);
#229=FACE_OUTER_BOUND('',#294,.T.);
#230=FACE_OUTER_BOUND('',#295,.T.);
#231=FACE_OUTER_BOUND('',#299,.T.);
#232=FACE_OUTER_BOUND('',#301,.T.);
#233=FACE_OUTER_BOUND('',#302,.T.);
#234=FACE_OUTER_BOUND('',#304,.T.);
#235=FACE_OUTER_BOUND('',#308,.T.);
#236=FACE_OUTER_BOUND('',#309,.T.);
#237=FACE_OUTER_BOUND('',#310,.T.);
#238=FACE_OUTER_BOUND('',#311,.T.);
#239=FACE_OUTER_BOUND('',#312,.T.);
#240=FACE_OUTER_BOUND('',#313,.T.);
#241=FACE_OUTER_BOUND('',#314,.T.);
#242=FACE_OUTER_BOUND('',#315,.T.);
#243=FACE_OUTER_BOUND('',#316,.T.);
#244=FACE_OUTER_BOUND('',#318,.T.);
#245=FACE_OUTER_BOUND('',#319,.T.);
#246=FACE_OUTER_BOUND('',#320,.T.);
#247=FACE_OUTER_BOUND('',#321,.T.);
#248=FACE_OUTER_BOUND('',#322,.T.);
#249=FACE_OUTER_BOUND('',#323,.T.);
#250=FACE_OUTER_BOUND('',#324,.T.);
#251=FACE_OUTER_BOUND('',#325,.T.);
#252=FACE_OUTER_BOUND('',#327,.T.);
#253=FACE_OUTER_BOUND('',#329,.T.);
#254=FACE_OUTER_BOUND('',#330,.T.);
#255=FACE_OUTER_BOUND('',#331,.T.);
#256=FACE_OUTER_BOUND('',#332,.T.);
#257=EDGE_LOOP('',(#333,#334,#335,#336));
#258=EDGE_LOOP('',(#337,#338,#339,#340));
#259=EDGE_LOOP('',(#341,#342,#343,#344));
#260=EDGE_LOOP('',(#345,#346,#347,#348));
#261=EDGE_LOOP('',(#349,#350,#351,#352));
#262=EDGE_LOOP('',(#353,#354,#355,#356));
#263=EDGE_LOOP('',(#357,#358,#359,#360));
#264=EDGE_LOOP('',(#361,#362,#363,#364));
#265=EDGE_LOOP('',(#365,#366,#367,#368));
#266=EDGE_LOOP('',(#369,#370,#371,#372));
#267=EDGE_LOOP('',(#373,#374,#375,#376));
#268=EDGE_LOOP('',(#377,#378,#379,#380));
#269=EDGE_LOOP('',(#381,#382,#383,#384));
#270=EDGE_LOOP('',(#385,#386,#387,#388));
#271=EDGE_LOOP('',(#389,#390,#391,#392));
#272=EDGE_LOOP('',(#393,#394,#395,#396));
#273=EDGE_LOOP('',(#397,#398,#399,#400));
#274=EDGE_LOOP('',(#401,#402));
#275=EDGE_LOOP('',(#403,#404));
#276=EDGE_LOOP('',(#405,#406));
#277=EDGE_LOOP('',(#407,#408));
#278=EDGE_LOOP('',(#409,#410));
#279=EDGE_LOOP('',(#411,#412));
#280=EDGE_LOOP('',(#413,#414,#415,#416));
#281=EDGE_LOOP('',(#417,#418));
#282=EDGE_LOOP('',(#419,#420));
#283=EDGE_LOOP('',(#421,#422));
#284=EDGE_LOOP('',(#423,#424));
#285=EDGE_LOOP('',(#425,#426));
#286=EDGE_LOOP('',(#427,#428));
#287=EDGE_LOOP('',(#429,#430,#431,#432));
#288=EDGE_LOOP('',(#433,#434,#435,#436));
#289=EDGE_LOOP('',(#437,#438,#439,#440));
#290=EDGE_LOOP('',(#441,#442,#443,#444));
#291=EDGE_LOOP('',(#445,#446,#447,#448));
#292=EDGE_LOOP('',(#449,#450,#451,#452));
#293=EDGE_LOOP('',(#453,#454,#455,#456));
#294=EDGE_LOOP('',(#457,#458,#459,#460));
#295=EDGE_LOOP('',(#461,#462,#463,#464));
#296=EDGE_LOOP('',(#465,#466));
#297=EDGE_LOOP('',(#467,#468));
#298=EDGE_LOOP('',(#469,#470));
#299=EDGE_LOOP('',(#471,#472,#473,#474));
#300=EDGE_LOOP('',(#475,#476));
#301=EDGE_LOOP('',(#477,#478,#479,#480));
#302=EDGE_LOOP('',(#481,#482,#483,#484));
#303=EDGE_LOOP('',(#485,#486));
#304=EDGE_LOOP('',(#487,#488,#489,#490));
#305=EDGE_LOOP('',(#491,#492));
#306=EDGE_LOOP('',(#493,#494));
#307=EDGE_LOOP('',(#495,#496));
#308=EDGE_LOOP('',(#497,#498,#499,#500));
#309=EDGE_LOOP('',(#501,#502,#503,#504,#505,#506));
#310=EDGE_LOOP('',(#507,#508,#509,#510,#511,#512));
#311=EDGE_LOOP('',(#513,#514,#515,#516));
#312=EDGE_LOOP('',(#517,#518,#519,#520));
#313=EDGE_LOOP('',(#521,#522,#523,#524));
#314=EDGE_LOOP('',(#525,#526));
#315=EDGE_LOOP('',(#527,#528,#529,#530));
#316=EDGE_LOOP('',(#531,#532));
#317=EDGE_LOOP('',(#533,#534));
#318=EDGE_LOOP('',(#535,#536));
#319=EDGE_LOOP('',(#537,#538,#539,#540));
#320=EDGE_LOOP('',(#541,#542,#543,#544));
#321=EDGE_LOOP('',(#545,#546,#547,#548));
#322=EDGE_LOOP('',(#549,#550,#551,#552));
#323=EDGE_LOOP('',(#553,#554,#555,#556));
#324=EDGE_LOOP('',(#557,#558,#559,#560));
#325=EDGE_LOOP('',(#561,#562,#563,#564));
#326=EDGE_LOOP('',(#565,#566));
#327=EDGE_LOOP('',(#567,#568,#569,#570));
#328=EDGE_LOOP('',(#571,#572));
#329=EDGE_LOOP('',(#573,#574,#575,#576));
#330=EDGE_LOOP('',(#577,#578,#579,#580));
#331=EDGE_LOOP('',(#581,#582));
#332=EDGE_LOOP('',(#583,#584));
#333=ORIENTED_EDGE('',*,*,#586,.F.);
#334=ORIENTED_EDGE('',*,*,#587,.F.);
#335=ORIENTED_EDGE('',*,*,#588,.F.);
#336=ORIENTED_EDGE('',*,*,#585,.F.);
#337=ORIENTED_EDGE('',*,*,#590,.F.);
#338=ORIENTED_EDGE('',*,*,#591,.F.);
#339=ORIENTED_EDGE('',*,*,#592,.F.);
#340=ORIENTED_EDGE('',*,*,#589,.F.);
#341=ORIENTED_EDGE('',*,*,#594,.F.);
#342=ORIENTED_EDGE('',*,*,#595,.F.);
#343=ORIENTED_EDGE('',*,*,#596,.F.);
#344=ORIENTED_EDGE('',*,*,#593,.F.);
#345=ORIENTED_EDGE('',*,*,#598,.F.);
#346=ORIENTED_EDGE('',*,*,#599,.F.);
#347=ORIENTED_EDGE('',*,*,#600,.F.);
#348=ORIENTED_EDGE('',*,*,#597,.F.);
#349=ORIENTED_EDGE('',*,*,#602,.F.);
#350=ORIENTED_EDGE('',*,*,#603,.F.);
#351=ORIENTED_EDGE('',*,*,#604,.F.);
#352=ORIENTED_EDGE('',*,*,#601,.F.);
#353=ORIENTED_EDGE('',*,*,#606,.F.);
#354=ORIENTED_EDGE('',*,*,#607,.F.);
#355=ORIENTED_EDGE('',*,*,#608,.F.);
#356=ORIENTED_EDGE('',*,*,#605,.F.);
#357=ORIENTED_EDGE('',*,*,#609,.T.);
#358=ORIENTED_EDGE('',*,*,#607,.T.);
#359=ORIENTED_EDGE('',*,*,#610,.T.);
#360=ORIENTED_EDGE('',*,*,#605,.T.);
#361=ORIENTED_EDGE('',*,*,#611,.T.);
#362=ORIENTED_EDGE('',*,*,#603,.T.);
#363=ORIENTED_EDGE('',*,*,#612,.T.);
#364=ORIENTED_EDGE('',*,*,#601,.T.);
#365=ORIENTED_EDGE('',*,*,#613,.T.);
#366=ORIENTED_EDGE('',*,*,#599,.T.);
#367=ORIENTED_EDGE('',*,*,#614,.F.);
#368=ORIENTED_EDGE('',*,*,#597,.T.);
#369=ORIENTED_EDGE('',*,*,#615,.F.);
#370=ORIENTED_EDGE('',*,*,#595,.T.);
#371=ORIENTED_EDGE('',*,*,#616,.F.);
#372=ORIENTED_EDGE('',*,*,#593,.T.);
#373=ORIENTED_EDGE('',*,*,#617,.T.);
#374=ORIENTED_EDGE('',*,*,#591,.T.);
#375=ORIENTED_EDGE('',*,*,#618,.F.);
#376=ORIENTED_EDGE('',*,*,#589,.T.);
#377=ORIENTED_EDGE('',*,*,#619,.T.);
#378=ORIENTED_EDGE('',*,*,#587,.T.);
#379=ORIENTED_EDGE('',*,*,#620,.F.);
#380=ORIENTED_EDGE('',*,*,#585,.T.);
#381=ORIENTED_EDGE('',*,*,#621,.T.);
#382=ORIENTED_EDGE('',*,*,#622,.T.);
#383=ORIENTED_EDGE('',*,*,#623,.T.);
#384=ORIENTED_EDGE('',*,*,#624,.T.);
#385=ORIENTED_EDGE('',*,*,#625,.T.);
#386=ORIENTED_EDGE('',*,*,#626,.T.);
#387=ORIENTED_EDGE('',*,*,#627,.T.);
#388=ORIENTED_EDGE('',*,*,#622,.F.);
#389=ORIENTED_EDGE('',*,*,#628,.T.);
#390=ORIENTED_EDGE('',*,*,#629,.T.);
#391=ORIENTED_EDGE('',*,*,#630,.T.);
#392=ORIENTED_EDGE('',*,*,#626,.F.);
#393=ORIENTED_EDGE('',*,*,#631,.T.);
#394=ORIENTED_EDGE('',*,*,#624,.F.);
#395=ORIENTED_EDGE('',*,*,#632,.T.);
#396=ORIENTED_EDGE('',*,*,#629,.F.);
#397=ORIENTED_EDGE('',*,*,#631,.F.);
#398=ORIENTED_EDGE('',*,*,#628,.F.);
#399=ORIENTED_EDGE('',*,*,#625,.F.);
#400=ORIENTED_EDGE('',*,*,#621,.F.);
#401=ORIENTED_EDGE('',*,*,#608,.T.);
#402=ORIENTED_EDGE('',*,*,#609,.F.);
#403=ORIENTED_EDGE('',*,*,#604,.T.);
#404=ORIENTED_EDGE('',*,*,#611,.F.);
#405=ORIENTED_EDGE('',*,*,#600,.T.);
#406=ORIENTED_EDGE('',*,*,#613,.F.);
#407=ORIENTED_EDGE('',*,*,#596,.T.);
#408=ORIENTED_EDGE('',*,*,#615,.T.);
#409=ORIENTED_EDGE('',*,*,#592,.T.);
#410=ORIENTED_EDGE('',*,*,#617,.F.);
#411=ORIENTED_EDGE('',*,*,#588,.T.);
#412=ORIENTED_EDGE('',*,*,#619,.F.);
#413=ORIENTED_EDGE('',*,*,#623,.F.);
#414=ORIENTED_EDGE('',*,*,#627,.F.);
#415=ORIENTED_EDGE('',*,*,#630,.F.);
#416=ORIENTED_EDGE('',*,*,#632,.F.);
#417=ORIENTED_EDGE('',*,*,#606,.T.);
#418=ORIENTED_EDGE('',*,*,#610,.F.);
#419=ORIENTED_EDGE('',*,*,#602,.T.);
#420=ORIENTED_EDGE('',*,*,#612,.F.);
#421=ORIENTED_EDGE('',*,*,#598,.T.);
#422=ORIENTED_EDGE('',*,*,#614,.T.);
#423=ORIENTED_EDGE('',*,*,#594,.T.);
#424=ORIENTED_EDGE('',*,*,#616,.T.);
#425=ORIENTED_EDGE('',*,*,#590,.T.);
#426=ORIENTED_EDGE('',*,*,#618,.T.);
#427=ORIENTED_EDGE('',*,*,#586,.T.);
#428=ORIENTED_EDGE('',*,*,#620,.T.);
#429=ORIENTED_EDGE('',*,*,#634,.F.);
#430=ORIENTED_EDGE('',*,*,#635,.F.);
#431=ORIENTED_EDGE('',*,*,#636,.F.);
#432=ORIENTED_EDGE('',*,*,#633,.F.);
#433=ORIENTED_EDGE('',*,*,#638,.F.);
#434=ORIENTED_EDGE('',*,*,#639,.F.);
#435=ORIENTED_EDGE('',*,*,#640,.F.);
#436=ORIENTED_EDGE('',*,*,#637,.F.);
#437=ORIENTED_EDGE('',*,*,#642,.F.);
#438=ORIENTED_EDGE('',*,*,#643,.F.);
#439=ORIENTED_EDGE('',*,*,#644,.F.);
#440=ORIENTED_EDGE('',*,*,#641,.F.);
#441=ORIENTED_EDGE('',*,*,#646,.F.);
#442=ORIENTED_EDGE('',*,*,#647,.F.);
#443=ORIENTED_EDGE('',*,*,#648,.F.);
#444=ORIENTED_EDGE('',*,*,#645,.F.);
#445=ORIENTED_EDGE('',*,*,#649,.F.);
#446=ORIENTED_EDGE('',*,*,#647,.T.);
#447=ORIENTED_EDGE('',*,*,#650,.F.);
#448=ORIENTED_EDGE('',*,*,#645,.T.);
#449=ORIENTED_EDGE('',*,*,#651,.F.);
#450=ORIENTED_EDGE('',*,*,#643,.T.);
#451=ORIENTED_EDGE('',*,*,#652,.F.);
#452=ORIENTED_EDGE('',*,*,#641,.T.);
#453=ORIENTED_EDGE('',*,*,#653,.F.);
#454=ORIENTED_EDGE('',*,*,#639,.T.);
#455=ORIENTED_EDGE('',*,*,#654,.F.);
#456=ORIENTED_EDGE('',*,*,#637,.T.);
#457=ORIENTED_EDGE('',*,*,#655,.F.);
#458=ORIENTED_EDGE('',*,*,#635,.T.);
#459=ORIENTED_EDGE('',*,*,#656,.F.);
#460=ORIENTED_EDGE('',*,*,#633,.T.);
#461=ORIENTED_EDGE('',*,*,#657,.T.);
#462=ORIENTED_EDGE('',*,*,#658,.T.);
#463=ORIENTED_EDGE('',*,*,#659,.T.);
#464=ORIENTED_EDGE('',*,*,#660,.T.);
#465=ORIENTED_EDGE('',*,*,#651,.T.);
#466=ORIENTED_EDGE('',*,*,#644,.T.);
#467=ORIENTED_EDGE('',*,*,#653,.T.);
#468=ORIENTED_EDGE('',*,*,#640,.T.);
#469=ORIENTED_EDGE('',*,*,#655,.T.);
#470=ORIENTED_EDGE('',*,*,#636,.T.);
#471=ORIENTED_EDGE('',*,*,#661,.T.);
#472=ORIENTED_EDGE('',*,*,#662,.T.);
#473=ORIENTED_EDGE('',*,*,#663,.T.);
#474=ORIENTED_EDGE('',*,*,#658,.F.);
#475=ORIENTED_EDGE('',*,*,#649,.T.);
#476=ORIENTED_EDGE('',*,*,#648,.T.);
#477=ORIENTED_EDGE('',*,*,#664,.T.);
#478=ORIENTED_EDGE('',*,*,#665,.T.);
#479=ORIENTED_EDGE('',*,*,#666,.T.);
#480=ORIENTED_EDGE('',*,*,#662,.F.);
#481=ORIENTED_EDGE('',*,*,#667,.T.);
#482=ORIENTED_EDGE('',*,*,#668,.T.);
#483=ORIENTED_EDGE('',*,*,#669,.T.);
#484=ORIENTED_EDGE('',*,*,#665,.F.);
#485=ORIENTED_EDGE('',*,*,#650,.T.);
#486=ORIENTED_EDGE('',*,*,#646,.T.);
#487=ORIENTED_EDGE('',*,*,#670,.T.);
#488=ORIENTED_EDGE('',*,*,#671,.T.);
#489=ORIENTED_EDGE('',*,*,#672,.T.);
#490=ORIENTED_EDGE('',*,*,#668,.F.);
#491=ORIENTED_EDGE('',*,*,#652,.T.);
#492=ORIENTED_EDGE('',*,*,#642,.T.);
#493=ORIENTED_EDGE('',*,*,#654,.T.);
#494=ORIENTED_EDGE('',*,*,#638,.T.);
#495=ORIENTED_EDGE('',*,*,#656,.T.);
#496=ORIENTED_EDGE('',*,*,#634,.T.);
#497=ORIENTED_EDGE('',*,*,#673,.T.);
#498=ORIENTED_EDGE('',*,*,#660,.F.);
#499=ORIENTED_EDGE('',*,*,#674,.T.);
#500=ORIENTED_EDGE('',*,*,#671,.F.);
#501=ORIENTED_EDGE('',*,*,#673,.F.);
#502=ORIENTED_EDGE('',*,*,#670,.F.);
#503=ORIENTED_EDGE('',*,*,#667,.F.);
#504=ORIENTED_EDGE('',*,*,#664,.F.);
#505=ORIENTED_EDGE('',*,*,#661,.F.);
#506=ORIENTED_EDGE('',*,*,#657,.F.);
#507=ORIENTED_EDGE('',*,*,#659,.F.);
#508=ORIENTED_EDGE('',*,*,#663,.F.);
#509=ORIENTED_EDGE('',*,*,#666,.F.);
#510=ORIENTED_EDGE('',*,*,#669,.F.);
#511=ORIENTED_EDGE('',*,*,#672,.F.);
#512=ORIENTED_EDGE('',*,*,#674,.F.);
#513=ORIENTED_EDGE('',*,*,#675,.T.);
#514=ORIENTED_EDGE('',*,*,#676,.T.);
#515=ORIENTED_EDGE('',*,*,#677,.T.);
#516=ORIENTED_EDGE('',*,*,#678,.T.);
#517=ORIENTED_EDGE('',*,*,#679,.T.);
#518=ORIENTED_EDGE('',*,*,#680,.T.);
#519=ORIENTED_EDGE('',*,*,#681,.T.);
#520=ORIENTED_EDGE('',*,*,#682,.T.);
#521=ORIENTED_EDGE('',*,*,#679,.F.);
#522=ORIENTED_EDGE('',*,*,#683,.T.);
#523=ORIENTED_EDGE('',*,*,#681,.F.);
#524=ORIENTED_EDGE('',*,*,#684,.T.);
#525=ORIENTED_EDGE('',*,*,#682,.F.);
#526=ORIENTED_EDGE('',*,*,#683,.F.);
#527=ORIENTED_EDGE('',*,*,#675,.F.);
#528=ORIENTED_EDGE('',*,*,#685,.T.);
#529=ORIENTED_EDGE('',*,*,#677,.F.);
#530=ORIENTED_EDGE('',*,*,#686,.T.);
#531=ORIENTED_EDGE('',*,*,#686,.F.);
#532=ORIENTED_EDGE('',*,*,#676,.F.);
#533=ORIENTED_EDGE('',*,*,#684,.F.);
#534=ORIENTED_EDGE('',*,*,#680,.F.);
#535=ORIENTED_EDGE('',*,*,#685,.F.);
#536=ORIENTED_EDGE('',*,*,#678,.F.);
#537=ORIENTED_EDGE('',*,*,#688,.F.);
#538=ORIENTED_EDGE('',*,*,#689,.F.);
#539=ORIENTED_EDGE('',*,*,#690,.F.);
#540=ORIENTED_EDGE('',*,*,#687,.F.);
#541=ORIENTED_EDGE('',*,*,#691,.T.);
#542=ORIENTED_EDGE('',*,*,#689,.T.);
#543=ORIENTED_EDGE('',*,*,#692,.F.);
#544=ORIENTED_EDGE('',*,*,#687,.T.);
#545=ORIENTED_EDGE('',*,*,#693,.T.);
#546=ORIENTED_EDGE('',*,*,#694,.T.);
#547=ORIENTED_EDGE('',*,*,#695,.T.);
#548=ORIENTED_EDGE('',*,*,#696,.T.);
#549=ORIENTED_EDGE('',*,*,#697,.T.);
#550=ORIENTED_EDGE('',*,*,#698,.T.);
#551=ORIENTED_EDGE('',*,*,#699,.T.);
#552=ORIENTED_EDGE('',*,*,#694,.F.);
#553=ORIENTED_EDGE('',*,*,#700,.T.);
#554=ORIENTED_EDGE('',*,*,#701,.T.);
#555=ORIENTED_EDGE('',*,*,#702,.T.);
#556=ORIENTED_EDGE('',*,*,#698,.F.);
#557=ORIENTED_EDGE('',*,*,#703,.T.);
#558=ORIENTED_EDGE('',*,*,#696,.F.);
#559=ORIENTED_EDGE('',*,*,#704,.T.);
#560=ORIENTED_EDGE('',*,*,#701,.F.);
#561=ORIENTED_EDGE('',*,*,#695,.F.);
#562=ORIENTED_EDGE('',*,*,#699,.F.);
#563=ORIENTED_EDGE('',*,*,#702,.F.);
#564=ORIENTED_EDGE('',*,*,#704,.F.);
#565=ORIENTED_EDGE('',*,*,#690,.T.);
#566=ORIENTED_EDGE('',*,*,#691,.F.);
#567=ORIENTED_EDGE('',*,*,#703,.F.);
#568=ORIENTED_EDGE('',*,*,#700,.F.);
#569=ORIENTED_EDGE('',*,*,#697,.F.);
#570=ORIENTED_EDGE('',*,*,#693,.F.);
#571=ORIENTED_EDGE('',*,*,#688,.T.);
#572=ORIENTED_EDGE('',*,*,#692,.T.);
#573=ORIENTED_EDGE('',*,*,#705,.T.);
#574=ORIENTED_EDGE('',*,*,#706,.T.);
#575=ORIENTED_EDGE('',*,*,#707,.T.);
#576=ORIENTED_EDGE('',*,*,#708,.T.);
#577=ORIENTED_EDGE('',*,*,#705,.F.);
#578=ORIENTED_EDGE('',*,*,#709,.T.);
#579=ORIENTED_EDGE('',*,*,#707,.F.);
#580=ORIENTED_EDGE('',*,*,#710,.T.);
#581=ORIENTED_EDGE('',*,*,#710,.F.);
#582=ORIENTED_EDGE('',*,*,#706,.F.);
#583=ORIENTED_EDGE('',*,*,#709,.F.);
#584=ORIENTED_EDGE('',*,*,#708,.F.);
#585=EDGE_CURVE('',#837,#838,#767,.T.);
#586=EDGE_CURVE('',#839,#837,#711,.T.);
#587=EDGE_CURVE('',#840,#839,#768,.T.);
#588=EDGE_CURVE('',#838,#840,#712,.T.);
#589=EDGE_CURVE('',#841,#842,#769,.T.);
#590=EDGE_CURVE('',#843,#841,#713,.T.);
#591=EDGE_CURVE('',#844,#843,#770,.T.);
#592=EDGE_CURVE('',#842,#844,#714,.T.);
#593=EDGE_CURVE('',#845,#846,#771,.T.);
#594=EDGE_CURVE('',#847,#845,#715,.T.);
#595=EDGE_CURVE('',#848,#847,#772,.T.);
#596=EDGE_CURVE('',#846,#848,#716,.T.);
#597=EDGE_CURVE('',#849,#850,#773,.T.);
#598=EDGE_CURVE('',#851,#849,#717,.T.);
#599=EDGE_CURVE('',#852,#851,#774,.T.);
#600=EDGE_CURVE('',#850,#852,#718,.T.);
#601=EDGE_CURVE('',#853,#854,#775,.T.);
#602=EDGE_CURVE('',#855,#853,#719,.T.);
#603=EDGE_CURVE('',#856,#855,#776,.T.);
#604=EDGE_CURVE('',#854,#856,#720,.T.);
#605=EDGE_CURVE('',#857,#858,#777,.T.);
#606=EDGE_CURVE('',#859,#857,#721,.T.);
#607=EDGE_CURVE('',#860,#859,#778,.T.);
#608=EDGE_CURVE('',#858,#860,#722,.T.);
#609=EDGE_CURVE('',#858,#860,#723,.T.);
#610=EDGE_CURVE('',#859,#857,#724,.T.);
#611=EDGE_CURVE('',#854,#856,#725,.T.);
#612=EDGE_CURVE('',#855,#853,#726,.T.);
#613=EDGE_CURVE('',#850,#852,#727,.T.);
#614=EDGE_CURVE('',#849,#851,#728,.T.);
#615=EDGE_CURVE('',#848,#846,#729,.T.);
#616=EDGE_CURVE('',#845,#847,#730,.T.);
#617=EDGE_CURVE('',#842,#844,#731,.T.);
#618=EDGE_CURVE('',#841,#843,#732,.T.);
#619=EDGE_CURVE('',#838,#840,#733,.T.);
#620=EDGE_CURVE('',#837,#839,#734,.T.);
#621=EDGE_CURVE('',#861,#862,#779,.T.);
#622=EDGE_CURVE('',#862,#863,#780,.T.);
#623=EDGE_CURVE('',#863,#864,#781,.T.);
#624=EDGE_CURVE('',#864,#861,#782,.T.);
#625=EDGE_CURVE('',#862,#865,#783,.T.);
#626=EDGE_CURVE('',#865,#866,#784,.T.);
#627=EDGE_CURVE('',#866,#863,#785,.T.);
#628=EDGE_CURVE('',#865,#867,#786,.T.);
#629=EDGE_CURVE('',#867,#868,#787,.T.);
#630=EDGE_CURVE('',#868,#866,#788,.T.);
#631=EDGE_CURVE('',#867,#861,#789,.T.);
#632=EDGE_CURVE('',#864,#868,#790,.T.);
#633=EDGE_CURVE('',#869,#870,#791,.T.);
#634=EDGE_CURVE('',#871,#869,#735,.T.);
#635=EDGE_CURVE('',#872,#871,#792,.T.);
#636=EDGE_CURVE('',#870,#872,#736,.T.);
#637=EDGE_CURVE('',#873,#874,#793,.T.);
#638=EDGE_CURVE('',#875,#873,#737,.T.);
#639=EDGE_CURVE('',#876,#875,#794,.T.);
#640=EDGE_CURVE('',#874,#876,#738,.T.);
#641=EDGE_CURVE('',#877,#878,#795,.T.);
#642=EDGE_CURVE('',#879,#877,#739,.T.);
#643=EDGE_CURVE('',#880,#879,#796,.T.);
#644=EDGE_CURVE('',#878,#880,#740,.T.);
#645=EDGE_CURVE('',#881,#882,#797,.T.);
#646=EDGE_CURVE('',#883,#881,#741,.T.);
#647=EDGE_CURVE('',#884,#883,#798,.T.);
#648=EDGE_CURVE('',#882,#884,#742,.T.);
#649=EDGE_CURVE('',#884,#882,#743,.T.);
#650=EDGE_CURVE('',#881,#883,#744,.T.);
#651=EDGE_CURVE('',#880,#878,#745,.T.);
#652=EDGE_CURVE('',#877,#879,#746,.T.);
#653=EDGE_CURVE('',#876,#874,#747,.T.);
#654=EDGE_CURVE('',#873,#875,#748,.T.);
#655=EDGE_CURVE('',#872,#870,#749,.T.);
#656=EDGE_CURVE('',#869,#871,#750,.T.);
#657=EDGE_CURVE('',#885,#886,#799,.T.);
#658=EDGE_CURVE('',#886,#887,#800,.T.);
#659=EDGE_CURVE('',#887,#888,#801,.T.);
#660=EDGE_CURVE('',#888,#885,#802,.T.);
#661=EDGE_CURVE('',#886,#889,#803,.T.);
#662=EDGE_CURVE('',#889,#890,#804,.T.);
#663=EDGE_CURVE('',#890,#887,#805,.T.);
#664=EDGE_CURVE('',#889,#891,#806,.T.);
#665=EDGE_CURVE('',#891,#892,#807,.T.);
#666=EDGE_CURVE('',#892,#890,#808,.T.);
#667=EDGE_CURVE('',#891,#893,#809,.T.);
#668=EDGE_CURVE('',#893,#894,#810,.T.);
#669=EDGE_CURVE('',#894,#892,#811,.T.);
#670=EDGE_CURVE('',#893,#895,#812,.T.);
#671=EDGE_CURVE('',#895,#896,#813,.T.);
#672=EDGE_CURVE('',#896,#894,#814,.T.);
#673=EDGE_CURVE('',#895,#885,#815,.T.);
#674=EDGE_CURVE('',#888,#896,#816,.T.);
#675=EDGE_CURVE('',#897,#898,#817,.T.);
#676=EDGE_CURVE('',#898,#899,#751,.T.);
#677=EDGE_CURVE('',#899,#900,#818,.T.);
#678=EDGE_CURVE('',#900,#897,#752,.T.);
#679=EDGE_CURVE('',#901,#902,#819,.T.);
#680=EDGE_CURVE('',#902,#903,#753,.T.);
#681=EDGE_CURVE('',#903,#904,#820,.T.);
#682=EDGE_CURVE('',#904,#901,#754,.T.);
#683=EDGE_CURVE('',#901,#904,#755,.T.);
#684=EDGE_CURVE('',#903,#902,#756,.T.);
#685=EDGE_CURVE('',#897,#900,#757,.T.);
#686=EDGE_CURVE('',#899,#898,#758,.T.);
#687=EDGE_CURVE('',#905,#906,#821,.T.);
#688=EDGE_CURVE('',#907,#905,#759,.T.);
#689=EDGE_CURVE('',#908,#907,#822,.T.);
#690=EDGE_CURVE('',#906,#908,#760,.T.);
#691=EDGE_CURVE('',#906,#908,#761,.T.);
#692=EDGE_CURVE('',#905,#907,#762,.T.);
#693=EDGE_CURVE('',#909,#910,#823,.T.);
#694=EDGE_CURVE('',#910,#911,#824,.T.);
#695=EDGE_CURVE('',#911,#912,#825,.T.);
#696=EDGE_CURVE('',#912,#909,#826,.T.);
#697=EDGE_CURVE('',#910,#913,#827,.T.);
#698=EDGE_CURVE('',#913,#914,#828,.T.);
#699=EDGE_CURVE('',#914,#911,#829,.T.);
#700=EDGE_CURVE('',#913,#915,#830,.T.);
#701=EDGE_CURVE('',#915,#916,#831,.T.);
#702=EDGE_CURVE('',#916,#914,#832,.T.);
#703=EDGE_CURVE('',#915,#909,#833,.T.);
#704=EDGE_CURVE('',#912,#916,#834,.T.);
#705=EDGE_CURVE('',#917,#918,#835,.T.);
#706=EDGE_CURVE('',#918,#919,#763,.T.);
#707=EDGE_CURVE('',#919,#920,#836,.T.);
#708=EDGE_CURVE('',#920,#917,#764,.T.);
#709=EDGE_CURVE('',#917,#920,#765,.T.);
#710=EDGE_CURVE('',#919,#918,#766,.T.);
#711=(
BOUNDED_CURVE()
B_SPLINE_CURVE(2,(#1399,#1400,#1401,#1402,#1403),.UNSPECIFIED.,.F.,.F.)
B_SPLINE_CURVE_WITH_KNOTS((3,2,3),(-15.707963267949,-7.85398163397448,0.),
 .UNSPECIFIED.)
CURVE()
GEOMETRIC_REPRESENTATION_ITEM()
RATIONAL_B_SPLINE_CURVE((1.,0.707106781186548,1.,0.707106781186548,1.))
REPRESENTATION_ITEM('')
);
#712=(
BOUNDED_CURVE()
B_SPLINE_CURVE(2,(#1406,#1407,#1408,#1409,#1410),.UNSPECIFIED.,.F.,.F.)
B_SPLINE_CURVE_WITH_KNOTS((3,2,3),(-15.707963267949,-7.8539816339745,0.),
 .UNSPECIFIED.)
CURVE()
GEOMETRIC_REPRESENTATION_ITEM()
RATIONAL_B_SPLINE_CURVE((1.,0.707106781186546,1.,0.707106781186546,1.))
REPRESENTATION_ITEM('')
);
#713=(
BOUNDED_CURVE()
B_SPLINE_CURVE(2,(#1413,#1414,#1415,#1416,#1417),.UNSPECIFIED.,.F.,.F.)
B_SPLINE_CURVE_WITH_KNOTS((3,2,3),(-15.707963267949,-7.85398163397449,0.),
 .UNSPECIFIED.)
CURVE()
GEOMETRIC_REPRESENTATION_ITEM()
RATIONAL_B_SPLINE_CURVE((1.,0.707106781186548,1.,0.707106781186548,1.))
REPRESENTATION_ITEM('')
);
#714=(
BOUNDED_CURVE()
B_SPLINE_CURVE(2,(#1420,#1421,#1422,#1423,#1424),.UNSPECIFIED.,.F.,.F.)
B_SPLINE_CURVE_WITH_KNOTS((3,2,3),(-15.707963267949,-7.85398163397451,0.),
 .UNSPECIFIED.)
CURVE()
GEOMETRIC_REPRESENTATION_ITEM()
RATIONAL_B_SPLINE_CURVE((1.,0.707106781186546,1.,0.707106781186546,1.))
REPRESENTATION_ITEM('')
);
#715=(
BOUNDED_CURVE()
B_SPLINE_CURVE(2,(#1427,#1428,#1429,#1430,#1431),.UNSPECIFIED.,.F.,.F.)
B_SPLINE_CURVE_WITH_KNOTS((3,2,3),(-15.707963267949,-7.85398163397448,0.),
 .UNSPECIFIED.)
CURVE()
GEOMETRIC_REPRESENTATION_ITEM()
RATIONAL_B_SPLINE_CURVE((1.,0.707106781186548,1.,0.707106781186548,1.))
REPRESENTATION_ITEM('')
);
#716=(
BOUNDED_CURVE()
B_SPLINE_CURVE(2,(#1434,#1435,#1436,#1437,#1438),.UNSPECIFIED.,.F.,.F.)
B_SPLINE_CURVE_WITH_KNOTS((3,2,3),(-15.707963267949,-7.8539816339745,0.),
 .UNSPECIFIED.)
CURVE()
GEOMETRIC_REPRESENTATION_ITEM()
RATIONAL_B_SPLINE_CURVE((1.,0.707106781186546,1.,0.707106781186546,1.))
REPRESENTATION_ITEM('')
);
#717=(
BOUNDED_CURVE()
B_SPLINE_CURVE(2,(#1441,#1442,#1443,#1444,#1445),.UNSPECIFIED.,.F.,.F.)
B_SPLINE_CURVE_WITH_KNOTS((3,2,3),(-15.707963267949,-7.85398163397448,0.),
 .UNSPECIFIED.)
CURVE()
GEOMETRIC_REPRESENTATION_ITEM()
RATIONAL_B_SPLINE_CURVE((1.,0.707106781186548,1.,0.707106781186548,1.))
REPRESENTATION_ITEM('')
);
#718=(
BOUNDED_CURVE()
B_SPLINE_CURVE(2,(#1448,#1449,#1450,#1451,#1452),.UNSPECIFIED.,.F.,.F.)
B_SPLINE_CURVE_WITH_KNOTS((3,2,3),(-15.707963267949,-7.8539816339745,0.),
 .UNSPECIFIED.)
CURVE()
GEOMETRIC_REPRESENTATION_ITEM()
RATIONAL_B_SPLINE_CURVE((1.,0.707106781186546,1.,0.707106781186546,1.))
REPRESENTATION_ITEM('')
);
#719=(
BOUNDED_CURVE()
B_SPLINE_CURVE(2,(#1455,#1456,#1457,#1458,#1459),.UNSPECIFIED.,.F.,.F.)
B_SPLINE_CURVE_WITH_KNOTS((3,2,3),(-15.707963267949,-7.85398163397448,0.),
 .UNSPECIFIED.)
CURVE()
GEOMETRIC_REPRESENTATION_ITEM()
RATIONAL_B_SPLINE_CURVE((1.,0.707106781186548,1.,0.707106781186548,1.))
REPRESENTATION_ITEM('')
);
#720=(
BOUNDED_CURVE()
B_SPLINE_CURVE(2,(#1462,#1463,#1464,#1465,#1466),.UNSPECIFIED.,.F.,.F.)
B_SPLINE_CURVE_WITH_KNOTS((3,2,3),(-15.707963267949,-7.85398163397451,0.),
 .UNSPECIFIED.)
CURVE()
GEOMETRIC_REPRESENTATION_ITEM()
RATIONAL_B_SPLINE_CURVE((1.,0.707106781186546,1.,0.707106781186546,1.))
REPRESENTATION_ITEM('')
);
#721=(
BOUNDED_CURVE()
B_SPLINE_CURVE(2,(#1469,#1470,#1471,#1472,#1473),.UNSPECIFIED.,.F.,.F.)
B_SPLINE_CURVE_WITH_KNOTS((3,2,3),(-15.707963267949,-7.85398163397448,0.),
 .UNSPECIFIED.)
CURVE()
GEOMETRIC_REPRESENTATION_ITEM()
RATIONAL_B_SPLINE_CURVE((1.,0.707106781186548,1.,0.707106781186548,1.))
REPRESENTATION_ITEM('')
);
#722=(
BOUNDED_CURVE()
B_SPLINE_CURVE(2,(#1476,#1477,#1478,#1479,#1480),.UNSPECIFIED.,.F.,.F.)
B_SPLINE_CURVE_WITH_KNOTS((3,2,3),(-15.707963267949,-7.85398163397449,0.),
 .UNSPECIFIED.)
CURVE()
GEOMETRIC_REPRESENTATION_ITEM()
RATIONAL_B_SPLINE_CURVE((1.,0.707106781186547,1.,0.707106781186547,1.))
REPRESENTATION_ITEM('')
);
#723=(
BOUNDED_CURVE()
B_SPLINE_CURVE(2,(#1481,#1482,#1483,#1484,#1485),.UNSPECIFIED.,.F.,.F.)
B_SPLINE_CURVE_WITH_KNOTS((3,2,3),(0.,7.85398163397446,15.7079632679489),
 .UNSPECIFIED.)
CURVE()
GEOMETRIC_REPRESENTATION_ITEM()
RATIONAL_B_SPLINE_CURVE((1.,0.707106781186549,1.,0.707106781186549,1.))
REPRESENTATION_ITEM('')
);
#724=(
BOUNDED_CURVE()
B_SPLINE_CURVE(2,(#1486,#1487,#1488,#1489,#1490),.UNSPECIFIED.,.F.,.F.)
B_SPLINE_CURVE_WITH_KNOTS((3,2,3),(0.,7.85398163397448,15.707963267949),
 .UNSPECIFIED.)
CURVE()
GEOMETRIC_REPRESENTATION_ITEM()
RATIONAL_B_SPLINE_CURVE((1.,0.707106781186548,1.,0.707106781186548,1.))
REPRESENTATION_ITEM('')
);
#725=(
BOUNDED_CURVE()
B_SPLINE_CURVE(2,(#1491,#1492,#1493,#1494,#1495),.UNSPECIFIED.,.F.,.F.)
B_SPLINE_CURVE_WITH_KNOTS((3,2,3),(0.,7.85398163397446,15.7079632679489),
 .UNSPECIFIED.)
CURVE()
GEOMETRIC_REPRESENTATION_ITEM()
RATIONAL_B_SPLINE_CURVE((1.,0.707106781186549,1.,0.707106781186549,1.))
REPRESENTATION_ITEM('')
);
#726=(
BOUNDED_CURVE()
B_SPLINE_CURVE(2,(#1496,#1497,#1498,#1499,#1500),.UNSPECIFIED.,.F.,.F.)
B_SPLINE_CURVE_WITH_KNOTS((3,2,3),(0.,7.85398163397448,15.707963267949),
 .UNSPECIFIED.)
CURVE()
GEOMETRIC_REPRESENTATION_ITEM()
RATIONAL_B_SPLINE_CURVE((1.,0.707106781186548,1.,0.707106781186548,1.))
REPRESENTATION_ITEM('')
);
#727=(
BOUNDED_CURVE()
B_SPLINE_CURVE(2,(#1501,#1502,#1503,#1504,#1505),.UNSPECIFIED.,.F.,.F.)
B_SPLINE_CURVE_WITH_KNOTS((3,2,3),(0.,7.85398163397447,15.7079632679489),
 .UNSPECIFIED.)
CURVE()
GEOMETRIC_REPRESENTATION_ITEM()
RATIONAL_B_SPLINE_CURVE((1.,0.707106781186549,1.,0.707106781186549,1.))
REPRESENTATION_ITEM('')
);
#728=(
BOUNDED_CURVE()
B_SPLINE_CURVE(2,(#1506,#1507,#1508,#1509,#1510),.UNSPECIFIED.,.F.,.F.)
B_SPLINE_CURVE_WITH_KNOTS((3,2,3),(-15.707963267949,-7.85398163397448,0.),
 .UNSPECIFIED.)
CURVE()
GEOMETRIC_REPRESENTATION_ITEM()
RATIONAL_B_SPLINE_CURVE((1.,0.707106781186548,1.,0.707106781186548,1.))
REPRESENTATION_ITEM('')
);
#729=(
BOUNDED_CURVE()
B_SPLINE_CURVE(2,(#1511,#1512,#1513,#1514,#1515),.UNSPECIFIED.,.F.,.F.)
B_SPLINE_CURVE_WITH_KNOTS((3,2,3),(-15.7079632679489,-7.85398163397447,
0.),.UNSPECIFIED.)
CURVE()
GEOMETRIC_REPRESENTATION_ITEM()
RATIONAL_B_SPLINE_CURVE((1.,0.707106781186549,1.,0.707106781186549,1.))
REPRESENTATION_ITEM('')
);
#730=(
BOUNDED_CURVE()
B_SPLINE_CURVE(2,(#1516,#1517,#1518,#1519,#1520),.UNSPECIFIED.,.F.,.F.)
B_SPLINE_CURVE_WITH_KNOTS((3,2,3),(-15.707963267949,-7.85398163397448,0.),
 .UNSPECIFIED.)
CURVE()
GEOMETRIC_REPRESENTATION_ITEM()
RATIONAL_B_SPLINE_CURVE((1.,0.707106781186547,1.,0.707106781186547,1.))
REPRESENTATION_ITEM('')
);
#731=(
BOUNDED_CURVE()
B_SPLINE_CURVE(2,(#1521,#1522,#1523,#1524,#1525),.UNSPECIFIED.,.F.,.F.)
B_SPLINE_CURVE_WITH_KNOTS((3,2,3),(0.,7.85398163397446,15.7079632679489),
 .UNSPECIFIED.)
CURVE()
GEOMETRIC_REPRESENTATION_ITEM()
RATIONAL_B_SPLINE_CURVE((1.,0.707106781186549,1.,0.707106781186549,1.))
REPRESENTATION_ITEM('')
);
#732=(
BOUNDED_CURVE()
B_SPLINE_CURVE(2,(#1526,#1527,#1528,#1529,#1530),.UNSPECIFIED.,.F.,.F.)
B_SPLINE_CURVE_WITH_KNOTS((3,2,3),(-15.707963267949,-7.85398163397449,0.),
 .UNSPECIFIED.)
CURVE()
GEOMETRIC_REPRESENTATION_ITEM()
RATIONAL_B_SPLINE_CURVE((1.,0.707106781186547,1.,0.707106781186547,1.))
REPRESENTATION_ITEM('')
);
#733=(
BOUNDED_CURVE()
B_SPLINE_CURVE(2,(#1531,#1532,#1533,#1534,#1535),.UNSPECIFIED.,.F.,.F.)
B_SPLINE_CURVE_WITH_KNOTS((3,2,3),(0.,7.85398163397447,15.7079632679489),
 .UNSPECIFIED.)
CURVE()
GEOMETRIC_REPRESENTATION_ITEM()
RATIONAL_B_SPLINE_CURVE((1.,0.707106781186549,1.,0.707106781186549,1.))
REPRESENTATION_ITEM('')
);
#734=(
BOUNDED_CURVE()
B_SPLINE_CURVE(2,(#1536,#1537,#1538,#1539,#1540),.UNSPECIFIED.,.F.,.F.)
B_SPLINE_CURVE_WITH_KNOTS((3,2,3),(-15.707963267949,-7.85398163397448,0.),
 .UNSPECIFIED.)
CURVE()
GEOMETRIC_REPRESENTATION_ITEM()
RATIONAL_B_SPLINE_CURVE((1.,0.707106781186548,1.,0.707106781186548,1.))
REPRESENTATION_ITEM('')
);
#735=(
BOUNDED_CURVE()
B_SPLINE_CURVE(2,(#1615,#1616,#1617,#1618,#1619),.UNSPECIFIED.,.F.,.F.)
B_SPLINE_CURVE_WITH_KNOTS((3,2,3),(-15.707963267949,-7.85398163397448,0.),
 .UNSPECIFIED.)
CURVE()
GEOMETRIC_REPRESENTATION_ITEM()
RATIONAL_B_SPLINE_CURVE((1.,0.707106781186548,1.,0.707106781186548,1.))
REPRESENTATION_ITEM('')
);
#736=(
BOUNDED_CURVE()
B_SPLINE_CURVE(2,(#1622,#1623,#1624,#1625,#1626),.UNSPECIFIED.,.F.,.F.)
B_SPLINE_CURVE_WITH_KNOTS((3,2,3),(-15.707963267949,-7.8539816339745,0.),
 .UNSPECIFIED.)
CURVE()
GEOMETRIC_REPRESENTATION_ITEM()
RATIONAL_B_SPLINE_CURVE((1.,0.707106781186546,1.,0.707106781186546,1.))
REPRESENTATION_ITEM('')
);
#737=(
BOUNDED_CURVE()
B_SPLINE_CURVE(2,(#1629,#1630,#1631,#1632,#1633),.UNSPECIFIED.,.F.,.F.)
B_SPLINE_CURVE_WITH_KNOTS((3,2,3),(-15.707963267949,-7.85398163397449,0.),
 .UNSPECIFIED.)
CURVE()
GEOMETRIC_REPRESENTATION_ITEM()
RATIONAL_B_SPLINE_CURVE((1.,0.707106781186547,1.,0.707106781186547,1.))
REPRESENTATION_ITEM('')
);
#738=(
BOUNDED_CURVE()
B_SPLINE_CURVE(2,(#1636,#1637,#1638,#1639,#1640),.UNSPECIFIED.,.F.,.F.)
B_SPLINE_CURVE_WITH_KNOTS((3,2,3),(-15.707963267949,-7.8539816339745,0.),
 .UNSPECIFIED.)
CURVE()
GEOMETRIC_REPRESENTATION_ITEM()
RATIONAL_B_SPLINE_CURVE((1.,0.707106781186546,1.,0.707106781186546,1.))
REPRESENTATION_ITEM('')
);
#739=(
BOUNDED_CURVE()
B_SPLINE_CURVE(2,(#1643,#1644,#1645,#1646,#1647),.UNSPECIFIED.,.F.,.F.)
B_SPLINE_CURVE_WITH_KNOTS((3,2,3),(-15.707963267949,-7.85398163397448,0.),
 .UNSPECIFIED.)
CURVE()
GEOMETRIC_REPRESENTATION_ITEM()
RATIONAL_B_SPLINE_CURVE((1.,0.707106781186548,1.,0.707106781186548,1.))
REPRESENTATION_ITEM('')
);
#740=(
BOUNDED_CURVE()
B_SPLINE_CURVE(2,(#1650,#1651,#1652,#1653,#1654),.UNSPECIFIED.,.F.,.F.)
B_SPLINE_CURVE_WITH_KNOTS((3,2,3),(-15.707963267949,-7.85398163397449,0.),
 .UNSPECIFIED.)
CURVE()
GEOMETRIC_REPRESENTATION_ITEM()
RATIONAL_B_SPLINE_CURVE((1.,0.707106781186546,1.,0.707106781186546,1.))
REPRESENTATION_ITEM('')
);
#741=(
BOUNDED_CURVE()
B_SPLINE_CURVE(2,(#1657,#1658,#1659,#1660,#1661),.UNSPECIFIED.,.F.,.F.)
B_SPLINE_CURVE_WITH_KNOTS((3,2,3),(-15.707963267949,-7.85398163397448,0.),
 .UNSPECIFIED.)
CURVE()
GEOMETRIC_REPRESENTATION_ITEM()
RATIONAL_B_SPLINE_CURVE((1.,0.707106781186548,1.,0.707106781186548,1.))
REPRESENTATION_ITEM('')
);
#742=(
BOUNDED_CURVE()
B_SPLINE_CURVE(2,(#1664,#1665,#1666,#1667,#1668),.UNSPECIFIED.,.F.,.F.)
B_SPLINE_CURVE_WITH_KNOTS((3,2,3),(-15.707963267949,-7.8539816339745,0.),
 .UNSPECIFIED.)
CURVE()
GEOMETRIC_REPRESENTATION_ITEM()
RATIONAL_B_SPLINE_CURVE((1.,0.707106781186546,1.,0.707106781186546,1.))
REPRESENTATION_ITEM('')
);
#743=(
BOUNDED_CURVE()
B_SPLINE_CURVE(2,(#1669,#1670,#1671,#1672,#1673),.UNSPECIFIED.,.F.,.F.)
B_SPLINE_CURVE_WITH_KNOTS((3,2,3),(-15.7079632679489,-7.85398163397447,
0.),.UNSPECIFIED.)
CURVE()
GEOMETRIC_REPRESENTATION_ITEM()
RATIONAL_B_SPLINE_CURVE((1.,0.707106781186549,1.,0.707106781186549,1.))
REPRESENTATION_ITEM('')
);
#744=(
BOUNDED_CURVE()
B_SPLINE_CURVE(2,(#1674,#1675,#1676,#1677,#1678),.UNSPECIFIED.,.F.,.F.)
B_SPLINE_CURVE_WITH_KNOTS((3,2,3),(-15.707963267949,-7.85398163397448,0.),
 .UNSPECIFIED.)
CURVE()
GEOMETRIC_REPRESENTATION_ITEM()
RATIONAL_B_SPLINE_CURVE((1.,0.707106781186548,1.,0.707106781186548,1.))
REPRESENTATION_ITEM('')
);
#745=(
BOUNDED_CURVE()
B_SPLINE_CURVE(2,(#1679,#1680,#1681,#1682,#1683),.UNSPECIFIED.,.F.,.F.)
B_SPLINE_CURVE_WITH_KNOTS((3,2,3),(-15.7079632679489,-7.85398163397446,
0.),.UNSPECIFIED.)
CURVE()
GEOMETRIC_REPRESENTATION_ITEM()
RATIONAL_B_SPLINE_CURVE((1.,0.707106781186549,1.,0.707106781186549,1.))
REPRESENTATION_ITEM('')
);
#746=(
BOUNDED_CURVE()
B_SPLINE_CURVE(2,(#1684,#1685,#1686,#1687,#1688),.UNSPECIFIED.,.F.,.F.)
B_SPLINE_CURVE_WITH_KNOTS((3,2,3),(-15.707963267949,-7.85398163397448,0.),
 .UNSPECIFIED.)
CURVE()
GEOMETRIC_REPRESENTATION_ITEM()
RATIONAL_B_SPLINE_CURVE((1.,0.707106781186548,1.,0.707106781186548,1.))
REPRESENTATION_ITEM('')
);
#747=(
BOUNDED_CURVE()
B_SPLINE_CURVE(2,(#1689,#1690,#1691,#1692,#1693),.UNSPECIFIED.,.F.,.F.)
B_SPLINE_CURVE_WITH_KNOTS((3,2,3),(-15.7079632679489,-7.85398163397446,
0.),.UNSPECIFIED.)
CURVE()
GEOMETRIC_REPRESENTATION_ITEM()
RATIONAL_B_SPLINE_CURVE((1.,0.707106781186549,1.,0.707106781186549,1.))
REPRESENTATION_ITEM('')
);
#748=(
BOUNDED_CURVE()
B_SPLINE_CURVE(2,(#1694,#1695,#1696,#1697,#1698),.UNSPECIFIED.,.F.,.F.)
B_SPLINE_CURVE_WITH_KNOTS((3,2,3),(-15.707963267949,-7.85398163397448,0.),
 .UNSPECIFIED.)
CURVE()
GEOMETRIC_REPRESENTATION_ITEM()
RATIONAL_B_SPLINE_CURVE((1.,0.707106781186547,1.,0.707106781186547,1.))
REPRESENTATION_ITEM('')
);
#749=(
BOUNDED_CURVE()
B_SPLINE_CURVE(2,(#1699,#1700,#1701,#1702,#1703),.UNSPECIFIED.,.F.,.F.)
B_SPLINE_CURVE_WITH_KNOTS((3,2,3),(-15.7079632679489,-7.85398163397447,
0.),.UNSPECIFIED.)
CURVE()
GEOMETRIC_REPRESENTATION_ITEM()
RATIONAL_B_SPLINE_CURVE((1.,0.707106781186549,1.,0.707106781186549,1.))
REPRESENTATION_ITEM('')
);
#750=(
BOUNDED_CURVE()
B_SPLINE_CURVE(2,(#1704,#1705,#1706,#1707,#1708),.UNSPECIFIED.,.F.,.F.)
B_SPLINE_CURVE_WITH_KNOTS((3,2,3),(-15.707963267949,-7.85398163397448,0.),
 .UNSPECIFIED.)
CURVE()
GEOMETRIC_REPRESENTATION_ITEM()
RATIONAL_B_SPLINE_CURVE((1.,0.707106781186548,1.,0.707106781186548,1.))
REPRESENTATION_ITEM('')
);
#751=(
BOUNDED_CURVE()
B_SPLINE_CURVE(2,(#1766,#1767,#1768,#1769,#1770),.UNSPECIFIED.,.F.,.F.)
B_SPLINE_CURVE_WITH_KNOTS((3,2,3),(0.,11.7809724509617,23.5619449019235),
 .UNSPECIFIED.)
CURVE()
GEOMETRIC_REPRESENTATION_ITEM()
RATIONAL_B_SPLINE_CURVE((1.,0.707106781186546,1.,0.707106781186546,1.))
REPRESENTATION_ITEM('')
);
#752=(
BOUNDED_CURVE()
B_SPLINE_CURVE(2,(#1773,#1774,#1775,#1776,#1777),.UNSPECIFIED.,.F.,.F.)
B_SPLINE_CURVE_WITH_KNOTS((3,2,3),(0.,11.7809724509617,23.5619449019235),
 .UNSPECIFIED.)
CURVE()
GEOMETRIC_REPRESENTATION_ITEM()
RATIONAL_B_SPLINE_CURVE((1.,0.707106781186546,1.,0.707106781186546,1.))
REPRESENTATION_ITEM('')
);
#753=(
BOUNDED_CURVE()
B_SPLINE_CURVE(2,(#1780,#1781,#1782,#1783,#1784),.UNSPECIFIED.,.F.,.F.)
B_SPLINE_CURVE_WITH_KNOTS((3,2,3),(0.,7.8539816339745,15.707963267949),
 .UNSPECIFIED.)
CURVE()
GEOMETRIC_REPRESENTATION_ITEM()
RATIONAL_B_SPLINE_CURVE((1.,0.707106781186546,1.,0.707106781186546,1.))
REPRESENTATION_ITEM('')
);
#754=(
BOUNDED_CURVE()
B_SPLINE_CURVE(2,(#1787,#1788,#1789,#1790,#1791),.UNSPECIFIED.,.F.,.F.)
B_SPLINE_CURVE_WITH_KNOTS((3,2,3),(0.,7.8539816339745,15.707963267949),
 .UNSPECIFIED.)
CURVE()
GEOMETRIC_REPRESENTATION_ITEM()
RATIONAL_B_SPLINE_CURVE((1.,0.707106781186546,1.,0.707106781186546,1.))
REPRESENTATION_ITEM('')
);
#755=(
BOUNDED_CURVE()
B_SPLINE_CURVE(2,(#1792,#1793,#1794,#1795,#1796),.UNSPECIFIED.,.F.,.F.)
B_SPLINE_CURVE_WITH_KNOTS((3,2,3),(0.,7.85398163397447,15.7079632679489),
 .UNSPECIFIED.)
CURVE()
GEOMETRIC_REPRESENTATION_ITEM()
RATIONAL_B_SPLINE_CURVE((1.,0.707106781186549,1.,0.707106781186549,1.))
REPRESENTATION_ITEM('')
);
#756=(
BOUNDED_CURVE()
B_SPLINE_CURVE(2,(#1797,#1798,#1799,#1800,#1801),.UNSPECIFIED.,.F.,.F.)
B_SPLINE_CURVE_WITH_KNOTS((3,2,3),(0.,7.85398163397447,15.7079632679489),
 .UNSPECIFIED.)
CURVE()
GEOMETRIC_REPRESENTATION_ITEM()
RATIONAL_B_SPLINE_CURVE((1.,0.707106781186549,1.,0.707106781186549,1.))
REPRESENTATION_ITEM('')
);
#757=(
BOUNDED_CURVE()
B_SPLINE_CURVE(2,(#1802,#1803,#1804,#1805,#1806),.UNSPECIFIED.,.F.,.F.)
B_SPLINE_CURVE_WITH_KNOTS((3,2,3),(0.,11.7809724509617,23.5619449019234),
 .UNSPECIFIED.)
CURVE()
GEOMETRIC_REPRESENTATION_ITEM()
RATIONAL_B_SPLINE_CURVE((1.,0.707106781186549,1.,0.707106781186549,1.))
REPRESENTATION_ITEM('')
);
#758=(
BOUNDED_CURVE()
B_SPLINE_CURVE(2,(#1807,#1808,#1809,#1810,#1811),.UNSPECIFIED.,.F.,.F.)
B_SPLINE_CURVE_WITH_KNOTS((3,2,3),(0.,11.7809724509617,23.5619449019234),
 .UNSPECIFIED.)
CURVE()
GEOMETRIC_REPRESENTATION_ITEM()
RATIONAL_B_SPLINE_CURVE((1.,0.707106781186549,1.,0.707106781186549,1.))
REPRESENTATION_ITEM('')
);
#759=(
BOUNDED_CURVE()
B_SPLINE_CURVE(2,(#1837,#1838,#1839,#1840,#1841),.UNSPECIFIED.,.F.,.F.)
B_SPLINE_CURVE_WITH_KNOTS((3,2,3),(-15.707963267949,-7.85398163397448,0.),
 .UNSPECIFIED.)
CURVE()
GEOMETRIC_REPRESENTATION_ITEM()
RATIONAL_B_SPLINE_CURVE((1.,0.707106781186548,1.,0.707106781186548,1.))
REPRESENTATION_ITEM('')
);
#760=(
BOUNDED_CURVE()
B_SPLINE_CURVE(2,(#1844,#1845,#1846,#1847,#1848),.UNSPECIFIED.,.F.,.F.)
B_SPLINE_CURVE_WITH_KNOTS((3,2,3),(-15.707963267949,-7.8539816339745,0.),
 .UNSPECIFIED.)
CURVE()
GEOMETRIC_REPRESENTATION_ITEM()
RATIONAL_B_SPLINE_CURVE((1.,0.707106781186546,1.,0.707106781186546,1.))
REPRESENTATION_ITEM('')
);
#761=(
BOUNDED_CURVE()
B_SPLINE_CURVE(2,(#1849,#1850,#1851,#1852,#1853),.UNSPECIFIED.,.F.,.F.)
B_SPLINE_CURVE_WITH_KNOTS((3,2,3),(0.,7.85398163397447,15.7079632679489),
 .UNSPECIFIED.)
CURVE()
GEOMETRIC_REPRESENTATION_ITEM()
RATIONAL_B_SPLINE_CURVE((1.,0.707106781186549,1.,0.707106781186549,1.))
REPRESENTATION_ITEM('')
);
#762=(
BOUNDED_CURVE()
B_SPLINE_CURVE(2,(#1854,#1855,#1856,#1857,#1858),.UNSPECIFIED.,.F.,.F.)
B_SPLINE_CURVE_WITH_KNOTS((3,2,3),(-15.707963267949,-7.85398163397448,0.),
 .UNSPECIFIED.)
CURVE()
GEOMETRIC_REPRESENTATION_ITEM()
RATIONAL_B_SPLINE_CURVE((1.,0.707106781186548,1.,0.707106781186548,1.))
REPRESENTATION_ITEM('')
);
#763=(
BOUNDED_CURVE()
B_SPLINE_CURVE(2,(#1902,#1903,#1904,#1905,#1906),.UNSPECIFIED.,.F.,.F.)
B_SPLINE_CURVE_WITH_KNOTS((3,2,3),(0.,7.8539816339745,15.707963267949),
 .UNSPECIFIED.)
CURVE()
GEOMETRIC_REPRESENTATION_ITEM()
RATIONAL_B_SPLINE_CURVE((1.,0.707106781186546,1.,0.707106781186546,1.))
REPRESENTATION_ITEM('')
);
#764=(
BOUNDED_CURVE()
B_SPLINE_CURVE(2,(#1909,#1910,#1911,#1912,#1913),.UNSPECIFIED.,.F.,.F.)
B_SPLINE_CURVE_WITH_KNOTS((3,2,3),(0.,7.8539816339745,15.707963267949),
 .UNSPECIFIED.)
CURVE()
GEOMETRIC_REPRESENTATION_ITEM()
RATIONAL_B_SPLINE_CURVE((1.,0.707106781186546,1.,0.707106781186546,1.))
REPRESENTATION_ITEM('')
);
#765=(
BOUNDED_CURVE()
B_SPLINE_CURVE(2,(#1914,#1915,#1916,#1917,#1918),.UNSPECIFIED.,.F.,.F.)
B_SPLINE_CURVE_WITH_KNOTS((3,2,3),(0.,7.85398163397447,15.7079632679489),
 .UNSPECIFIED.)
CURVE()
GEOMETRIC_REPRESENTATION_ITEM()
RATIONAL_B_SPLINE_CURVE((1.,0.707106781186549,1.,0.707106781186549,1.))
REPRESENTATION_ITEM('')
);
#766=(
BOUNDED_CURVE()
B_SPLINE_CURVE(2,(#1919,#1920,#1921,#1922,#1923),.UNSPECIFIED.,.F.,.F.)
B_SPLINE_CURVE_WITH_KNOTS((3,2,3),(0.,7.85398163397447,15.7079632679489),
 .UNSPECIFIED.)
CURVE()
GEOMETRIC_REPRESENTATION_ITEM()
RATIONAL_B_SPLINE_CURVE((1.,0.707106781186549,1.,0.707106781186549,1.))
REPRESENTATION_ITEM('')
);
#767=B_SPLINE_CURVE_WITH_KNOTS('',1,(#1397,#1398),.UNSPECIFIED.,.F.,.F.,
(2,2),(-20.,0.),.UNSPECIFIED.);
#768=B_SPLINE_CURVE_WITH_KNOTS('',1,(#1404,#1405),.UNSPECIFIED.,.F.,.F.,
(2,2),(-20.,0.),.UNSPECIFIED.);
#769=B_SPLINE_CURVE_WITH_KNOTS('',1,(#1411,#1412),.UNSPECIFIED.,.F.,.F.,
(2,2),(-19.9999999999999,0.),.UNSPECIFIED.);
#770=B_SPLINE_CURVE_WITH_KNOTS('',1,(#1418,#1419),.UNSPECIFIED.,.F.,.F.,
(2,2),(-20.,0.),.UNSPECIFIED.);
#771=B_SPLINE_CURVE_WITH_KNOTS('',1,(#1425,#1426),.UNSPECIFIED.,.F.,.F.,
(2,2),(-20.,0.),.UNSPECIFIED.);
#772=B_SPLINE_CURVE_WITH_KNOTS('',1,(#1432,#1433),.UNSPECIFIED.,.F.,.F.,
(2,2),(-20.,0.),.UNSPECIFIED.);
#773=B_SPLINE_CURVE_WITH_KNOTS('',1,(#1439,#1440),.UNSPECIFIED.,.F.,.F.,
(2,2),(-20.,0.),.UNSPECIFIED.);
#774=B_SPLINE_CURVE_WITH_KNOTS('',1,(#1446,#1447),.UNSPECIFIED.,.F.,.F.,
(2,2),(-20.,0.),.UNSPECIFIED.);
#775=B_SPLINE_CURVE_WITH_KNOTS('',1,(#1453,#1454),.UNSPECIFIED.,.F.,.F.,
(2,2),(-19.9999999999999,0.),.UNSPECIFIED.);
#776=B_SPLINE_CURVE_WITH_KNOTS('',1,(#1460,#1461),.UNSPECIFIED.,.F.,.F.,
(2,2),(-20.,0.),.UNSPECIFIED.);
#777=B_SPLINE_CURVE_WITH_KNOTS('',1,(#1467,#1468),.UNSPECIFIED.,.F.,.F.,
(2,2),(-20.,0.),.UNSPECIFIED.);
#778=B_SPLINE_CURVE_WITH_KNOTS('',1,(#1474,#1475),.UNSPECIFIED.,.F.,.F.,
(2,2),(-20.,0.),.UNSPECIFIED.);
#779=B_SPLINE_CURVE_WITH_KNOTS('',1,(#1541,#1542),.UNSPECIFIED.,.F.,.F.,
(2,2),(0.,180.),.UNSPECIFIED.);
#780=B_SPLINE_CURVE_WITH_KNOTS('',1,(#1543,#1544),.UNSPECIFIED.,.F.,.F.,
(2,2),(0.,20.),.UNSPECIFIED.);
#781=B_SPLINE_CURVE_WITH_KNOTS('',1,(#1545,#1546),.UNSPECIFIED.,.F.,.F.,
(2,2),(0.,180.),.UNSPECIFIED.);
#782=B_SPLINE_CURVE_WITH_KNOTS('',1,(#1547,#1548),.UNSPECIFIED.,.F.,.F.,
(2,2),(0.,20.),.UNSPECIFIED.);
#783=B_SPLINE_CURVE_WITH_KNOTS('',1,(#1549,#1550),.UNSPECIFIED.,.F.,.F.,
(2,2),(0.,150.),.UNSPECIFIED.);
#784=B_SPLINE_CURVE_WITH_KNOTS('',1,(#1551,#1552),.UNSPECIFIED.,.F.,.F.,
(2,2),(0.,20.),.UNSPECIFIED.);
#785=B_SPLINE_CURVE_WITH_KNOTS('',1,(#1553,#1554),.UNSPECIFIED.,.F.,.F.,
(2,2),(0.,150.),.UNSPECIFIED.);
#786=B_SPLINE_CURVE_WITH_KNOTS('',1,(#1555,#1556),.UNSPECIFIED.,.F.,.F.,
(2,2),(0.,180.),.UNSPECIFIED.);
#787=B_SPLINE_CURVE_WITH_KNOTS('',1,(#1557,#1558),.UNSPECIFIED.,.F.,.F.,
(2,2),(0.,20.),.UNSPECIFIED.);
#788=B_SPLINE_CURVE_WITH_KNOTS('',1,(#1559,#1560),.UNSPECIFIED.,.F.,.F.,
(2,2),(0.,180.),.UNSPECIFIED.);
#789=B_SPLINE_CURVE_WITH_KNOTS('',1,(#1561,#1562),.UNSPECIFIED.,.F.,.F.,
(2,2),(0.,150.),.UNSPECIFIED.);
#790=B_SPLINE_CURVE_WITH_KNOTS('',1,(#1563,#1564),.UNSPECIFIED.,.F.,.F.,
(2,2),(0.,150.),.UNSPECIFIED.);
#791=B_SPLINE_CURVE_WITH_KNOTS('',1,(#1613,#1614),.UNSPECIFIED.,.F.,.F.,
(2,2),(-10.,0.),.UNSPECIFIED.);
#792=B_SPLINE_CURVE_WITH_KNOTS('',1,(#1620,#1621),.UNSPECIFIED.,.F.,.F.,
(2,2),(-10.,0.),.UNSPECIFIED.);
#793=B_SPLINE_CURVE_WITH_KNOTS('',1,(#1627,#1628),.UNSPECIFIED.,.F.,.F.,
(2,2),(-9.99999999999994,0.),.UNSPECIFIED.);
#794=B_SPLINE_CURVE_WITH_KNOTS('',1,(#1634,#1635),.UNSPECIFIED.,.F.,.F.,
(2,2),(-10.,0.),.UNSPECIFIED.);
#795=B_SPLINE_CURVE_WITH_KNOTS('',1,(#1641,#1642),.UNSPECIFIED.,.F.,.F.,
(2,2),(-10.,0.),.UNSPECIFIED.);
#796=B_SPLINE_CURVE_WITH_KNOTS('',1,(#1648,#1649),.UNSPECIFIED.,.F.,.F.,
(2,2),(-10.,0.),.UNSPECIFIED.);
#797=B_SPLINE_CURVE_WITH_KNOTS('',1,(#1655,#1656),.UNSPECIFIED.,.F.,.F.,
(2,2),(-9.99999999999999,0.),.UNSPECIFIED.);
#798=B_SPLINE_CURVE_WITH_KNOTS('',1,(#1662,#1663),.UNSPECIFIED.,.F.,.F.,
(2,2),(-10.,0.),.UNSPECIFIED.);
#799=B_SPLINE_CURVE_WITH_KNOTS('',1,(#1709,#1710),.UNSPECIFIED.,.F.,.F.,
(2,2),(0.,40.),.UNSPECIFIED.);
#800=B_SPLINE_CURVE_WITH_KNOTS('',1,(#1711,#1712),.UNSPECIFIED.,.F.,.F.,
(2,2),(0.,100.),.UNSPECIFIED.);
#801=B_SPLINE_CURVE_WITH_KNOTS('',1,(#1713,#1714),.UNSPECIFIED.,.F.,.F.,
(2,2),(0.,40.),.UNSPECIFIED.);
#802=B_SPLINE_CURVE_WITH_KNOTS('',1,(#1715,#1716),.UNSPECIFIED.,.F.,.F.,
(2,2),(0.,100.),.UNSPECIFIED.);
#803=B_SPLINE_CURVE_WITH_KNOTS('',1,(#1717,#1718),.UNSPECIFIED.,.F.,.F.,
(2,2),(0.,50.),.UNSPECIFIED.);
#804=B_SPLINE_CURVE_WITH_KNOTS('',1,(#1719,#1720),.UNSPECIFIED.,.F.,.F.,
(2,2),(0.,100.),.UNSPECIFIED.);
#805=B_SPLINE_CURVE_WITH_KNOTS('',1,(#1721,#1722),.UNSPECIFIED.,.F.,.F.,
(2,2),(0.,50.),.UNSPECIFIED.);
#806=B_SPLINE_CURVE_WITH_KNOTS('',1,(#1723,#1724),.UNSPECIFIED.,.F.,.F.,
(2,2),(0.,9.99999999999999),.UNSPECIFIED.);
#807=B_SPLINE_CURVE_WITH_KNOTS('',1,(#1725,#1726),.UNSPECIFIED.,.F.,.F.,
(2,2),(0.,100.),.UNSPECIFIED.);
#808=B_SPLINE_CURVE_WITH_KNOTS('',1,(#1727,#1728),.UNSPECIFIED.,.F.,.F.,
(2,2),(0.,9.99999999999999),.UNSPECIFIED.);
#809=B_SPLINE_CURVE_WITH_KNOTS('',1,(#1729,#1730),.UNSPECIFIED.,.F.,.F.,
(2,2),(0.,60.),.UNSPECIFIED.);
#810=B_SPLINE_CURVE_WITH_KNOTS('',1,(#1731,#1732),.UNSPECIFIED.,.F.,.F.,
(2,2),(0.,100.),.UNSPECIFIED.);
#811=B_SPLINE_CURVE_WITH_KNOTS('',1,(#1733,#1734),.UNSPECIFIED.,.F.,.F.,
(2,2),(0.,60.),.UNSPECIFIED.);
#812=B_SPLINE_CURVE_WITH_KNOTS('',1,(#1735,#1736),.UNSPECIFIED.,.F.,.F.,
(2,2),(0.,50.),.UNSPECIFIED.);
#813=B_SPLINE_CURVE_WITH_KNOTS('',1,(#1737,#1738),.UNSPECIFIED.,.F.,.F.,
(2,2),(0.,100.),.UNSPECIFIED.);
#814=B_SPLINE_CURVE_WITH_KNOTS('',1,(#1739,#1740),.UNSPECIFIED.,.F.,.F.,
(2,2),(0.,50.),.UNSPECIFIED.);
#815=B_SPLINE_CURVE_WITH_KNOTS('',1,(#1741,#1742),.UNSPECIFIED.,.F.,.F.,
(2,2),(0.,10.),.UNSPECIFIED.);
#816=B_SPLINE_CURVE_WITH_KNOTS('',1,(#1743,#1744),.UNSPECIFIED.,.F.,.F.,
(2,2),(0.,10.),.UNSPECIFIED.);
#817=B_SPLINE_CURVE_WITH_KNOTS('',1,(#1764,#1765),.UNSPECIFIED.,.F.,.F.,
(2,2),(0.,3.),.UNSPECIFIED.);
#818=B_SPLINE_CURVE_WITH_KNOTS('',1,(#1771,#1772),.UNSPECIFIED.,.F.,.F.,
(2,2),(0.,3.),.UNSPECIFIED.);
#819=B_SPLINE_CURVE_WITH_KNOTS('',1,(#1778,#1779),.UNSPECIFIED.,.F.,.F.,
(2,2),(0.,37.),.UNSPECIFIED.);
#820=B_SPLINE_CURVE_WITH_KNOTS('',1,(#1785,#1786),.UNSPECIFIED.,.F.,.F.,
(2,2),(0.,37.),.UNSPECIFIED.);
#821=B_SPLINE_CURVE_WITH_KNOTS('',1,(#1835,#1836),.UNSPECIFIED.,.F.,.F.,
(2,2),(-3.,0.),.UNSPECIFIED.);
#822=B_SPLINE_CURVE_WITH_KNOTS('',1,(#1842,#1843),.UNSPECIFIED.,.F.,.F.,
(2,2),(-3.,0.),.UNSPECIFIED.);
#823=B_SPLINE_CURVE_WITH_KNOTS('',1,(#1859,#1860),.UNSPECIFIED.,.F.,.F.,
(2,2),(0.,15.),.UNSPECIFIED.);
#824=B_SPLINE_CURVE_WITH_KNOTS('',1,(#1861,#1862),.UNSPECIFIED.,.F.,.F.,
(2,2),(0.,3.),.UNSPECIFIED.);
#825=B_SPLINE_CURVE_WITH_KNOTS('',1,(#1863,#1864),.UNSPECIFIED.,.F.,.F.,
(2,2),(0.,15.),.UNSPECIFIED.);
#826=B_SPLINE_CURVE_WITH_KNOTS('',1,(#1865,#1866),.UNSPECIFIED.,.F.,.F.,
(2,2),(0.,3.),.UNSPECIFIED.);
#827=B_SPLINE_CURVE_WITH_KNOTS('',1,(#1867,#1868),.UNSPECIFIED.,.F.,.F.,
(2,2),(0.,20.),.UNSPECIFIED.);
#828=B_SPLINE_CURVE_WITH_KNOTS('',1,(#1869,#1870),.UNSPECIFIED.,.F.,.F.,
(2,2),(0.,3.),.UNSPECIFIED.);
#829=B_SPLINE_CURVE_WITH_KNOTS('',1,(#1871,#1872),.UNSPECIFIED.,.F.,.F.,
(2,2),(0.,20.),.UNSPECIFIED.);
#830=B_SPLINE_CURVE_WITH_KNOTS('',1,(#1873,#1874),.UNSPECIFIED.,.F.,.F.,
(2,2),(0.,15.),.UNSPECIFIED.);
#831=B_SPLINE_CURVE_WITH_KNOTS('',1,(#1875,#1876),.UNSPECIFIED.,.F.,.F.,
(2,2),(0.,3.),.UNSPECIFIED.);
#832=B_SPLINE_CURVE_WITH_KNOTS('',1,(#1877,#1878),.UNSPECIFIED.,.F.,.F.,
(2,2),(0.,15.),.UNSPECIFIED.);
#833=B_SPLINE_CURVE_WITH_KNOTS('',1,(#1879,#1880),.UNSPECIFIED.,.F.,.F.,
(2,2),(0.,20.),.UNSPECIFIED.);
#834=B_SPLINE_CURVE_WITH_KNOTS('',1,(#1881,#1882),.UNSPECIFIED.,.F.,.F.,
(2,2),(0.,20.),.UNSPECIFIED.);
#835=B_SPLINE_CURVE_WITH_KNOTS('',1,(#1900,#1901),.UNSPECIFIED.,.F.,.F.,
(2,2),(0.,200.),.UNSPECIFIED.);
#836=B_SPLINE_CURVE_WITH_KNOTS('',1,(#1907,#1908),.UNSPECIFIED.,.F.,.F.,
(2,2),(0.,200.),.UNSPECIFIED.);
#837=VERTEX_POINT('',#1365);
#838=VERTEX_POINT('',#1366);
#839=VERTEX_POINT('',#1367);
#840=VERTEX_POINT('',#1368);
#841=VERTEX_POINT('',#1369);
#842=VERTEX_POINT('',#1370);
#843=VERTEX_POINT('',#1371);
#844=VERTEX_POINT('',#1372);
#845=VERTEX_POINT('',#1373);
#846=VERTEX_POINT('',#1374);
#847=VERTEX_POINT('',#1375);
#848=VERTEX_POINT('',#1376);
#849=VERTEX_POINT('',#1377);
#850=VERTEX_POINT('',#1378);
#851=VERTEX_POINT('',#1379);
#852=VERTEX_POINT('',#1380);
#853=VERTEX_POINT('',#1381);
#854=VERTEX_POINT('',#1382);
#855=VERTEX_POINT('',#1383);
#856=VERTEX_POINT('',#1384);
#857=VERTEX_POINT('',#1385);
#858=VERTEX_POINT('',#1386);
#859=VERTEX_POINT('',#1387);
#860=VERTEX_POINT('',#1388);
#861=VERTEX_POINT('',#1389);
#862=VERTEX_POINT('',#1390);
#863=VERTEX_POINT('',#1391);
#864=VERTEX_POINT('',#1392);
#865=VERTEX_POINT('',#1393);
#866=VERTEX_POINT('',#1394);
#867=VERTEX_POINT('',#1395);
#868=VERTEX_POINT('',#1396);
#869=VERTEX_POINT('',#1585);
#870=VERTEX_POINT('',#1586);
#871=VERTEX_POINT('',#1587);
#872=VERTEX_POINT('',#1588);
#873=VERTEX_POINT('',#1589);
#874=VERTEX_POINT('',#1590);
#875=VERTEX_POINT('',#1591);
#876=VERTEX_POINT('',#1592);
#877=VERTEX_POINT('',#1593);
#878=VERTEX_POINT('',#1594);
#879=VERTEX_POINT('',#1595);
#880=VERTEX_POINT('',#1596);
#881=VERTEX_POINT('',#1597);
#882=VERTEX_POINT('',#1598);
#883=VERTEX_POINT('',#1599);
#884=VERTEX_POINT('',#1600);
#885=VERTEX_POINT('',#1601);
#886=VERTEX_POINT('',#1602);
#887=VERTEX_POINT('',#1603);
#888=VERTEX_POINT('',#1604);
#889=VERTEX_POINT('',#1605);
#890=VERTEX_POINT('',#1606);
#891=VERTEX_POINT('',#1607);
#892=VERTEX_POINT('',#1608);
#893=VERTEX_POINT('',#1609);
#894=VERTEX_POINT('',#1610);
#895=VERTEX_POINT('',#1611);
#896=VERTEX_POINT('',#1612);
#897=VERTEX_POINT('',#1756);
#898=VERTEX_POINT('',#1757);
#899=VERTEX_POINT('',#1758);
#900=VERTEX_POINT('',#1759);
#901=VERTEX_POINT('',#1760);
#902=VERTEX_POINT('',#1761);
#903=VERTEX_POINT('',#1762);
#904=VERTEX_POINT('',#1763);
#905=VERTEX_POINT('',#1823);
#906=VERTEX_POINT('',#1824);
#907=VERTEX_POINT('',#1825);
#908=VERTEX_POINT('',#1826);
#909=VERTEX_POINT('',#1827);
#910=VERTEX_POINT('',#1828);
#911=VERTEX_POINT('',#1829);
#912=VERTEX_POINT('',#1830);
#913=VERTEX_POINT('',#1831);
#914=VERTEX_POINT('',#1832);
#915=VERTEX_POINT('',#1833);
#916=VERTEX_POINT('',#1834);
#917=VERTEX_POINT('',#1896);
#918=VERTEX_POINT('',#1897);
#919=VERTEX_POINT('',#1898);
#920=VERTEX_POINT('',#1899);
#921=PLANE('',#1172);
#922=PLANE('',#1173);
#923=PLANE('',#1174);
#924=PLANE('',#1175);
#925=PLANE('',#1176);
#926=PLANE('',#1177);
#927=PLANE('',#1190);
#928=PLANE('',#1191);
#929=PLANE('',#1192);
#930=PLANE('',#1193);
#931=PLANE('',#1194);
#932=PLANE('',#1195);
#933=PLANE('',#1196);
#934=PLANE('',#1197);
#935=PLANE('',#1205);
#936=PLANE('',#1207);
#937=PLANE('',#1208);
#938=PLANE('',#1214);
#939=PLANE('',#1215);
#940=PLANE('',#1216);
#941=PLANE('',#1217);
#942=PLANE('',#1218);
#943=PLANE('',#1219);
#944=PLANE('',#1231);
#945=PLANE('',#1232);
#946=CYLINDRICAL_SURFACE('',#1160,5.);
#947=CYLINDRICAL_SURFACE('',#1161,4.99999999999999);
#948=CYLINDRICAL_SURFACE('',#1162,5.);
#949=CYLINDRICAL_SURFACE('',#1163,5.);
#950=CYLINDRICAL_SURFACE('',#1164,5.);
#951=CYLINDRICAL_SURFACE('',#1165,5.);
#952=CYLINDRICAL_SURFACE('',#1166,5.00000000000001);
#953=CYLINDRICAL_SURFACE('',#1167,4.99999999999999);
#954=CYLINDRICAL_SURFACE('',#1168,5.);
#955=CYLINDRICAL_SURFACE('',#1169,5.);
#956=CYLINDRICAL_SURFACE('',#1170,5.);
#957=CYLINDRICAL_SURFACE('',#1171,5.);
#958=CYLINDRICAL_SURFACE('',#1182,5.);
#959=CYLINDRICAL_SURFACE('',#1183,5.);
#960=CYLINDRICAL_SURFACE('',#1184,5.);
#961=CYLINDRICAL_SURFACE('',#1185,5.);
#962=CYLINDRICAL_SURFACE('',#1186,5.);
#963=CYLINDRICAL_SURFACE('',#1187,5.);
#964=CYLINDRICAL_SURFACE('',#1188,5.);
#965=CYLINDRICAL_SURFACE('',#1189,5.);
#966=CYLINDRICAL_SURFACE('',#1202,7.5);
#967=CYLINDRICAL_SURFACE('',#1203,5.);
#968=CYLINDRICAL_SURFACE('',#1204,5.);
#969=CYLINDRICAL_SURFACE('',#1206,7.5);
#970=CYLINDRICAL_SURFACE('',#1212,5.);
#971=CYLINDRICAL_SURFACE('',#1213,5.);
#972=CYLINDRICAL_SURFACE('',#1229,5.);
#973=CYLINDRICAL_SURFACE('',#1230,5.);
#974=SHAPE_DEFINITION_REPRESENTATION(#983,#1149);
#975=SHAPE_DEFINITION_REPRESENTATION(#984,#1150);
#976=SHAPE_DEFINITION_REPRESENTATION(#986,#1151);
#977=SHAPE_DEFINITION_REPRESENTATION(#987,#1152);
#978=SHAPE_DEFINITION_REPRESENTATION(#989,#1153);
#979=SHAPE_DEFINITION_REPRESENTATION(#990,#1154);
#980=SHAPE_DEFINITION_REPRESENTATION(#992,#1155);
#981=SHAPE_DEFINITION_REPRESENTATION(#999,#1156);
#982=SHAPE_DEFINITION_REPRESENTATION(#1000,#1157);
#983=PRODUCT_DEFINITION_SHAPE($,$,#1014);
#984=PRODUCT_DEFINITION_SHAPE($,$,#1015);
#985=PRODUCT_DEFINITION_SHAPE($,$,#49);
#986=PRODUCT_DEFINITION_SHAPE($,$,#1016);
#987=PRODUCT_DEFINITION_SHAPE($,$,#1017);
#988=PRODUCT_DEFINITION_SHAPE($,$,#50);
#989=PRODUCT_DEFINITION_SHAPE($,$,#1018);
#990=PRODUCT_DEFINITION_SHAPE($,$,#1019);
#991=PRODUCT_DEFINITION_SHAPE($,$,#51);
#992=PRODUCT_DEFINITION_SHAPE($,$,#1020);
#993=PRODUCT_DEFINITION_SHAPE($,$,#52);
#994=PRODUCT_DEFINITION_SHAPE($,$,#53);
#995=PRODUCT_DEFINITION_SHAPE($,$,#54);
#996=PRODUCT_DEFINITION_SHAPE($,$,#55);
#997=PRODUCT_DEFINITION_SHAPE($,$,#56);
#998=PRODUCT_DEFINITION_SHAPE($,$,#57);
#999=PRODUCT_DEFINITION_SHAPE($,$,#1021);
#1000=PRODUCT_DEFINITION_SHAPE($,$,#1022);
#1001=PRODUCT_DEFINITION_SHAPE($,$,#58);
#1002=PRODUCT_DEFINITION_SHAPE($,$,#59);
#1003=PRODUCT_DEFINITION_SHAPE($,$,#60);
#1004=PRODUCT_DEFINITION_SHAPE($,$,#61);
#1005=PRODUCT_DEFINITION_CONTEXT('3D Mechanical Parts',#1050,'design');
#1006=PRODUCT_DEFINITION_CONTEXT('3D Mechanical Parts',#1051,'design');
#1007=PRODUCT_DEFINITION_CONTEXT('3D Mechanical Parts',#1052,'design');
#1008=PRODUCT_DEFINITION_CONTEXT('3D Mechanical Parts',#1053,'design');
#1009=PRODUCT_DEFINITION_CONTEXT('3D Mechanical Parts',#1054,'design');
#1010=PRODUCT_DEFINITION_CONTEXT('3D Mechanical Parts',#1055,'design');
#1011=PRODUCT_DEFINITION_CONTEXT('3D Mechanical Parts',#1056,'design');
#1012=PRODUCT_DEFINITION_CONTEXT('3D Mechanical Parts',#1057,'design');
#1013=PRODUCT_DEFINITION_CONTEXT('3D Mechanical Parts',#1058,'design');
#1014=PRODUCT_DEFINITION('A','First version',#1023,#1005);
#1015=PRODUCT_DEFINITION('A','First version',#1024,#1006);
#1016=PRODUCT_DEFINITION('A','First version',#1025,#1007);
#1017=PRODUCT_DEFINITION('A','First version',#1026,#1008);
#1018=PRODUCT_DEFINITION('A','First version',#1027,#1009);
#1019=PRODUCT_DEFINITION('A','First version',#1028,#1010);
#1020=PRODUCT_DEFINITION('A','First version',#1029,#1011);
#1021=PRODUCT_DEFINITION('A','First version',#1030,#1012);
#1022=PRODUCT_DEFINITION('A','First version',#1031,#1013);
#1023=PRODUCT_DEFINITION_FORMATION_WITH_SPECIFIED_SOURCE('A',
'First version',#1068,.MADE.);
#1024=PRODUCT_DEFINITION_FORMATION_WITH_SPECIFIED_SOURCE('A',
'First version',#1069,.MADE.);
#1025=PRODUCT_DEFINITION_FORMATION_WITH_SPECIFIED_SOURCE('A',
'First version',#1070,.MADE.);
#1026=PRODUCT_DEFINITION_FORMATION_WITH_SPECIFIED_SOURCE('A',
'First version',#1071,.MADE.);
#1027=PRODUCT_DEFINITION_FORMATION_WITH_SPECIFIED_SOURCE('A',
'First version',#1072,.MADE.);
#1028=PRODUCT_DEFINITION_FORMATION_WITH_SPECIFIED_SOURCE('A',
'First version',#1073,.MADE.);
#1029=PRODUCT_DEFINITION_FORMATION_WITH_SPECIFIED_SOURCE('A',
'First version',#1074,.MADE.);
#1030=PRODUCT_DEFINITION_FORMATION_WITH_SPECIFIED_SOURCE('A',
'First version',#1075,.MADE.);
#1031=PRODUCT_DEFINITION_FORMATION_WITH_SPECIFIED_SOURCE('A',
'First version',#1076,.MADE.);
#1032=PRODUCT_RELATED_PRODUCT_CATEGORY('tool','tool',(#1068));
#1033=PRODUCT_RELATED_PRODUCT_CATEGORY('tool','tool',(#1069));
#1034=PRODUCT_RELATED_PRODUCT_CATEGORY('tool','tool',(#1070));
#1035=PRODUCT_RELATED_PRODUCT_CATEGORY('tool','tool',(#1071));
#1036=PRODUCT_RELATED_PRODUCT_CATEGORY('tool','tool',(#1072));
#1037=PRODUCT_RELATED_PRODUCT_CATEGORY('tool','tool',(#1073));
#1038=PRODUCT_RELATED_PRODUCT_CATEGORY('tool','tool',(#1074));
#1039=PRODUCT_RELATED_PRODUCT_CATEGORY('tool','tool',(#1075));
#1040=PRODUCT_RELATED_PRODUCT_CATEGORY('tool','tool',(#1076));
#1041=APPLICATION_PROTOCOL_DEFINITION('Draft International Standard',
'automotive_design',1999,#1050);
#1042=APPLICATION_PROTOCOL_DEFINITION('Draft International Standard',
'automotive_design',1999,#1051);
#1043=APPLICATION_PROTOCOL_DEFINITION('Draft International Standard',
'automotive_design',1999,#1052);
#1044=APPLICATION_PROTOCOL_DEFINITION('Draft International Standard',
'automotive_design',1999,#1053);
#1045=APPLICATION_PROTOCOL_DEFINITION('Draft International Standard',
'automotive_design',1999,#1054);
#1046=APPLICATION_PROTOCOL_DEFINITION('Draft International Standard',
'automotive_design',1999,#1055);
#1047=APPLICATION_PROTOCOL_DEFINITION('Draft International Standard',
'automotive_design',1999,#1056);
#1048=APPLICATION_PROTOCOL_DEFINITION('Draft International Standard',
'automotive_design',1999,#1057);
#1049=APPLICATION_PROTOCOL_DEFINITION('Draft International Standard',
'automotive_design',1999,#1058);
#1050=APPLICATION_CONTEXT(
'data for automotive mechanical design processes');
#1051=APPLICATION_CONTEXT(
'data for automotive mechanical design processes');
#1052=APPLICATION_CONTEXT(
'data for automotive mechanical design processes');
#1053=APPLICATION_CONTEXT(
'data for automotive mechanical design processes');
#1054=APPLICATION_CONTEXT(
'data for automotive mechanical design processes');
#1055=APPLICATION_CONTEXT(
'data for automotive mechanical design processes');
#1056=APPLICATION_CONTEXT(
'data for automotive mechanical design processes');
#1057=APPLICATION_CONTEXT(
'data for automotive mechanical design processes');
#1058=APPLICATION_CONTEXT(
'data for automotive mechanical design processes');
#1059=PRODUCT_CONTEXT('3D Mechanical Parts',#1050,'mechanical');
#1060=PRODUCT_CONTEXT('3D Mechanical Parts',#1051,'mechanical');
#1061=PRODUCT_CONTEXT('3D Mechanical Parts',#1052,'mechanical');
#1062=PRODUCT_CONTEXT('3D Mechanical Parts',#1053,'mechanical');
#1063=PRODUCT_CONTEXT('3D Mechanical Parts',#1054,'mechanical');
#1064=PRODUCT_CONTEXT('3D Mechanical Parts',#1055,'mechanical');
#1065=PRODUCT_CONTEXT('3D Mechanical Parts',#1056,'mechanical');
#1066=PRODUCT_CONTEXT('3D Mechanical Parts',#1057,'mechanical');
#1067=PRODUCT_CONTEXT('3D Mechanical Parts',#1058,'mechanical');
#1068=PRODUCT('AS1-AC-214','AS1-AC-214','',(#1059));
#1069=PRODUCT('PLATE','PLATE','',(#1060));
#1070=PRODUCT('L-BRACKET ASSEMBLY','L-BRACKET ASSEMBLY','',(#1061));
#1071=PRODUCT('L-BRACKET','L-BRACKET','',(#1062));
#1072=PRODUCT('NUT-BOLT ASSEMBLY','NUT-BOLT ASSEMBLY','',(#1063));
#1073=PRODUCT('BOLT','BOLT','',(#1064));
#1074=PRODUCT('NUT','NUT','',(#1065));
#1075=PRODUCT('ROD-ASSEMBLY','ROD-ASSEMBLY','',(#1066));
#1076=PRODUCT('ROD','ROD','',(#1067));
#1077=(
LENGTH_UNIT()
NAMED_UNIT(*)
SI_UNIT(.MILLI.,.METRE.)
);
#1078=(
LENGTH_UNIT()
NAMED_UNIT(*)
SI_UNIT(.MILLI.,.METRE.)
);
#1079=(
LENGTH_UNIT()
NAMED_UNIT(*)
SI_UNIT(.MILLI.,.METRE.)
);
#1080=(
LENGTH_UNIT()
NAMED_UNIT(*)
SI_UNIT(.MILLI.,.METRE.)
);
#1081=(
LENGTH_UNIT()
NAMED_UNIT(*)
SI_UNIT(.MILLI.,.METRE.)
);
#1082=(
LENGTH_UNIT()
NAMED_UNIT(*)
SI_UNIT(.MILLI.,.METRE.)
);
#1083=(
LENGTH_UNIT()
NAMED_UNIT(*)
SI_UNIT(.MILLI.,.METRE.)
);
#1084=(
LENGTH_UNIT()
NAMED_UNIT(*)
SI_UNIT(.MILLI.,.METRE.)
);
#1085=(
LENGTH_UNIT()
NAMED_UNIT(*)
SI_UNIT(.MILLI.,.METRE.)
);
#1086=(
NAMED_UNIT(*)
PLANE_ANGLE_UNIT()
SI_UNIT($,.RADIAN.)
);
#1087=(
NAMED_UNIT(*)
PLANE_ANGLE_UNIT()
SI_UNIT($,.RADIAN.)
);
#1088=(
NAMED_UNIT(*)
PLANE_ANGLE_UNIT()
SI_UNIT($,.RADIAN.)
);
#1089=(
NAMED_UNIT(*)
PLANE_ANGLE_UNIT()
SI_UNIT($,.RADIAN.)
);
#1090=(
NAMED_UNIT(*)
PLANE_ANGLE_UNIT()
SI_UNIT($,.RADIAN.)
);
#1091=(
NAMED_UNIT(*)
PLANE_ANGLE_UNIT()
SI_UNIT($,.RADIAN.)
);
#1092=(
NAMED_UNIT(*)
PLANE_ANGLE_UNIT()
SI_UNIT($,.RADIAN.)
);
#1093=(
NAMED_UNIT(*)
PLANE_ANGLE_UNIT()
SI_UNIT($,.RADIAN.)
);
#1094=(
NAMED_UNIT(*)
PLANE_ANGLE_UNIT()
SI_UNIT($,.RADIAN.)
);
#1095=DIMENSIONAL_EXPONENTS(0.,0.,0.,0.,0.,0.,0.);
#1096=DIMENSIONAL_EXPONENTS(0.,0.,0.,0.,0.,0.,0.);
#1097=DIMENSIONAL_EXPONENTS(0.,0.,0.,0.,0.,0.,0.);
#1098=DIMENSIONAL_EXPONENTS(0.,0.,0.,0.,0.,0.,0.);
#1099=DIMENSIONAL_EXPONENTS(0.,0.,0.,0.,0.,0.,0.);
#1100=DIMENSIONAL_EXPONENTS(0.,0.,0.,0.,0.,0.,0.);
#1101=DIMENSIONAL_EXPONENTS(0.,0.,0.,0.,0.,0.,0.);
#1102=DIMENSIONAL_EXPONENTS(0.,0.,0.,0.,0.,0.,0.);
#1103=DIMENSIONAL_EXPONENTS(0.,0.,0.,0.,0.,0.,0.);
#1104=PLANE_ANGLE_MEASURE_WITH_UNIT(PLANE_ANGLE_MEASURE(0.01745329252),
#1086);
#1105=PLANE_ANGLE_MEASURE_WITH_UNIT(PLANE_ANGLE_MEASURE(0.01745329252),
#1087);
#1106=PLANE_ANGLE_MEASURE_WITH_UNIT(PLANE_ANGLE_MEASURE(0.01745329252),
#1088);
#1107=PLANE_ANGLE_MEASURE_WITH_UNIT(PLANE_ANGLE_MEASURE(0.01745329252),
#1089);
#1108=PLANE_ANGLE_MEASURE_WITH_UNIT(PLANE_ANGLE_MEASURE(0.01745329252),
#1090);
#1109=PLANE_ANGLE_MEASURE_WITH_UNIT(PLANE_ANGLE_MEASURE(0.01745329252),
#1091);
#1110=PLANE_ANGLE_MEASURE_WITH_UNIT(PLANE_ANGLE_MEASURE(0.01745329252),
#1092);
#1111=PLANE_ANGLE_MEASURE_WITH_UNIT(PLANE_ANGLE_MEASURE(0.01745329252),
#1093);
#1112=PLANE_ANGLE_MEASURE_WITH_UNIT(PLANE_ANGLE_MEASURE(0.01745329252),
#1094);
#1113=(
CONVERSION_BASED_UNIT('DEGREES',#1104)
NAMED_UNIT(#1095)
PLANE_ANGLE_UNIT()
);
#1114=(
CONVERSION_BASED_UNIT('DEGREES',#1105)
NAMED_UNIT(#1096)
PLANE_ANGLE_UNIT()
);
#1115=(
CONVERSION_BASED_UNIT('DEGREES',#1106)
NAMED_UNIT(#1097)
PLANE_ANGLE_UNIT()
);
#1116=(
CONVERSION_BASED_UNIT('DEGREES',#1107)
NAMED_UNIT(#1098)
PLANE_ANGLE_UNIT()
);
#1117=(
CONVERSION_BASED_UNIT('DEGREES',#1108)
NAMED_UNIT(#1099)
PLANE_ANGLE_UNIT()
);
#1118=(
CONVERSION_BASED_UNIT('DEGREES',#1109)
NAMED_UNIT(#1100)
PLANE_ANGLE_UNIT()
);
#1119=(
CONVERSION_BASED_UNIT('DEGREES',#1110)
NAMED_UNIT(#1101)
PLANE_ANGLE_UNIT()
);
#1120=(
CONVERSION_BASED_UNIT('DEGREES',#1111)
NAMED_UNIT(#1102)
PLANE_ANGLE_UNIT()
);
#1121=(
CONVERSION_BASED_UNIT('DEGREES',#1112)
NAMED_UNIT(#1103)
PLANE_ANGLE_UNIT()
);
#1122=(
NAMED_UNIT(*)
SI_UNIT($,.STERADIAN.)
SOLID_ANGLE_UNIT()
);
#1123=(
NAMED_UNIT(*)
SI_UNIT($,.STERADIAN.)
SOLID_ANGLE_UNIT()
);
#1124=(
NAMED_UNIT(*)
SI_UNIT($,.STERADIAN.)
SOLID_ANGLE_UNIT()
);
#1125=(
NAMED_UNIT(*)
SI_UNIT($,.STERADIAN.)
SOLID_ANGLE_UNIT()
);
#1126=(
NAMED_UNIT(*)
SI_UNIT($,.STERADIAN.)
SOLID_ANGLE_UNIT()
);
#1127=(
NAMED_UNIT(*)
SI_UNIT($,.STERADIAN.)
SOLID_ANGLE_UNIT()
);
#1128=(
NAMED_UNIT(*)
SI_UNIT($,.STERADIAN.)
SOLID_ANGLE_UNIT()
);
#1129=(
NAMED_UNIT(*)
SI_UNIT($,.STERADIAN.)
SOLID_ANGLE_UNIT()
);
#1130=(
NAMED_UNIT(*)
SI_UNIT($,.STERADIAN.)
SOLID_ANGLE_UNIT()
);
#1131=UNCERTAINTY_MEASURE_WITH_UNIT(LENGTH_MEASURE(1.E-6),#1077,
'DISTANCE_ACCURACY_VALUE',
'Maximum model space distance between geometric entities at asserted c
onnectivities');
#1132=UNCERTAINTY_MEASURE_WITH_UNIT(LENGTH_MEASURE(1.E-6),#1078,
'DISTANCE_ACCURACY_VALUE',
'Maximum model space distance between geometric entities at asserted c
onnectivities');
#1133=UNCERTAINTY_MEASURE_WITH_UNIT(LENGTH_MEASURE(1.E-6),#1079,
'DISTANCE_ACCURACY_VALUE',
'Maximum model space distance between geometric entities at asserted c
onnectivities');
#1134=UNCERTAINTY_MEASURE_WITH_UNIT(LENGTH_MEASURE(1.E-6),#1080,
'DISTANCE_ACCURACY_VALUE',
'Maximum model space distance between geometric entities at asserted c
onnectivities');
#1135=UNCERTAINTY_MEASURE_WITH_UNIT(LENGTH_MEASURE(1.E-6),#1081,
'DISTANCE_ACCURACY_VALUE',
'Maximum model space distance between geometric entities at asserted c
onnectivities');
#1136=UNCERTAINTY_MEASURE_WITH_UNIT(LENGTH_MEASURE(1.E-6),#1082,
'DISTANCE_ACCURACY_VALUE',
'Maximum model space distance between geometric entities at asserted c
onnectivities');
#1137=UNCERTAINTY_MEASURE_WITH_UNIT(LENGTH_MEASURE(1.E-6),#1083,
'DISTANCE_ACCURACY_VALUE',
'Maximum model space distance between geometric entities at asserted c
onnectivities');
#1138=UNCERTAINTY_MEASURE_WITH_UNIT(LENGTH_MEASURE(1.E-6),#1084,
'DISTANCE_ACCURACY_VALUE',
'Maximum model space distance between geometric entities at asserted c
onnectivities');
#1139=UNCERTAINTY_MEASURE_WITH_UNIT(LENGTH_MEASURE(1.E-6),#1085,
'DISTANCE_ACCURACY_VALUE',
'Maximum model space distance between geometric entities at asserted c
onnectivities');
#1140=(
GEOMETRIC_REPRESENTATION_CONTEXT(3)
GLOBAL_UNCERTAINTY_ASSIGNED_CONTEXT((#1131))
GLOBAL_UNIT_ASSIGNED_CONTEXT((#1122,#1113,#1077))
REPRESENTATION_CONTEXT('ID1','3D')
);
#1141=(
GEOMETRIC_REPRESENTATION_CONTEXT(3)
GLOBAL_UNCERTAINTY_ASSIGNED_CONTEXT((#1132))
GLOBAL_UNIT_ASSIGNED_CONTEXT((#1123,#1114,#1078))
REPRESENTATION_CONTEXT('ID1','3D')
);
#1142=(
GEOMETRIC_REPRESENTATION_CONTEXT(3)
GLOBAL_UNCERTAINTY_ASSIGNED_CONTEXT((#1133))
GLOBAL_UNIT_ASSIGNED_CONTEXT((#1124,#1115,#1079))
REPRESENTATION_CONTEXT('ID1','3D')
);
#1143=(
GEOMETRIC_REPRESENTATION_CONTEXT(3)
GLOBAL_UNCERTAINTY_ASSIGNED_CONTEXT((#1134))
GLOBAL_UNIT_ASSIGNED_CONTEXT((#1125,#1116,#1080))
REPRESENTATION_CONTEXT('ID1','3D')
);
#1144=(
GEOMETRIC_REPRESENTATION_CONTEXT(3)
GLOBAL_UNCERTAINTY_ASSIGNED_CONTEXT((#1135))
GLOBAL_UNIT_ASSIGNED_CONTEXT((#1126,#1117,#1081))
REPRESENTATION_CONTEXT('ID1','3D')
);
#1145=(
GEOMETRIC_REPRESENTATION_CONTEXT(3)
GLOBAL_UNCERTAINTY_ASSIGNED_CONTEXT((#1136))
GLOBAL_UNIT_ASSIGNED_CONTEXT((#1127,#1118,#1082))
REPRESENTATION_CONTEXT('ID1','3D')
);
#1146=(
GEOMETRIC_REPRESENTATION_CONTEXT(3)
GLOBAL_UNCERTAINTY_ASSIGNED_CONTEXT((#1137))
GLOBAL_UNIT_ASSIGNED_CONTEXT((#1128,#1119,#1083))
REPRESENTATION_CONTEXT('ID1','3D')
);
#1147=(
GEOMETRIC_REPRESENTATION_CONTEXT(3)
GLOBAL_UNCERTAINTY_ASSIGNED_CONTEXT((#1138))
GLOBAL_UNIT_ASSIGNED_CONTEXT((#1129,#1120,#1084))
REPRESENTATION_CONTEXT('ID1','3D')
);
#1148=(
GEOMETRIC_REPRESENTATION_CONTEXT(3)
GLOBAL_UNCERTAINTY_ASSIGNED_CONTEXT((#1139))
GLOBAL_UNIT_ASSIGNED_CONTEXT((#1130,#1121,#1085))
REPRESENTATION_CONTEXT('ID1','3D')
);
#1149=SHAPE_REPRESENTATION('AS1-AC-214',(#1158,#1179,#1225,#1226,#1237),
#1140);
#1150=SHAPE_REPRESENTATION('PLATE',(#1159,#1178),#1141);
#1151=SHAPE_REPRESENTATION('L-BRACKET ASSEMBLY',(#1180,#1199,#1222,#1223,
#1224),#1142);
#1152=SHAPE_REPRESENTATION('L-BRACKET',(#1181,#1198),#1143);
#1153=SHAPE_REPRESENTATION('NUT-BOLT ASSEMBLY',(#1200,#1210,#1221),#1144);
#1154=SHAPE_REPRESENTATION('BOLT',(#1201,#1209),#1145);
#1155=SHAPE_REPRESENTATION('NUT',(#1211,#1220),#1146);
#1156=SHAPE_REPRESENTATION('ROD-ASSEMBLY',(#1227,#1234,#1235,#1236),#1147);
#1157=SHAPE_REPRESENTATION('ROD',(#1228,#1233),#1148);
#1158=AXIS2_PLACEMENT_3D($,#1345,#1238,#1239);
#1159=AXIS2_PLACEMENT_3D($,#1346,#1240,#1241);
#1160=AXIS2_PLACEMENT_3D('',#1347,#1242,$);
#1161=AXIS2_PLACEMENT_3D('',#1348,#1243,$);
#1162=AXIS2_PLACEMENT_3D('',#1349,#1244,$);
#1163=AXIS2_PLACEMENT_3D('',#1350,#1245,$);
#1164=AXIS2_PLACEMENT_3D('',#1351,#1246,$);
#1165=AXIS2_PLACEMENT_3D('',#1352,#1247,$);
#1166=AXIS2_PLACEMENT_3D('',#1353,#1248,$);
#1167=AXIS2_PLACEMENT_3D('',#1354,#1249,$);
#1168=AXIS2_PLACEMENT_3D('',#1355,#1250,$);
#1169=AXIS2_PLACEMENT_3D('',#1356,#1251,$);
#1170=AXIS2_PLACEMENT_3D('',#1357,#1252,$);
#1171=AXIS2_PLACEMENT_3D('',#1358,#1253,$);
#1172=AXIS2_PLACEMENT_3D('',#1359,#1254,$);
#1173=AXIS2_PLACEMENT_3D('',#1360,#1255,$);
#1174=AXIS2_PLACEMENT_3D('',#1361,#1256,$);
#1175=AXIS2_PLACEMENT_3D('',#1362,#1257,$);
#1176=AXIS2_PLACEMENT_3D('',#1363,#1258,$);
#1177=AXIS2_PLACEMENT_3D('',#1364,#1259,$);
#1178=AXIS2_PLACEMENT_3D($,#1565,#1260,#1261);
#1179=AXIS2_PLACEMENT_3D($,#1566,#1262,#1263);
#1180=AXIS2_PLACEMENT_3D($,#1567,#1264,#1265);
#1181=AXIS2_PLACEMENT_3D($,#1568,#1266,#1267);
#1182=AXIS2_PLACEMENT_3D('',#1569,#1268,$);
#1183=AXIS2_PLACEMENT_3D('',#1570,#1269,$);
#1184=AXIS2_PLACEMENT_3D('',#1571,#1270,$);
#1185=AXIS2_PLACEMENT_3D('',#1572,#1271,$);
#1186=AXIS2_PLACEMENT_3D('',#1573,#1272,$);
#1187=AXIS2_PLACEMENT_3D('',#1574,#1273,$);
#1188=AXIS2_PLACEMENT_3D('',#1575,#1274,$);
#1189=AXIS2_PLACEMENT_3D('',#1576,#1275,$);
#1190=AXIS2_PLACEMENT_3D('',#1577,#1276,$);
#1191=AXIS2_PLACEMENT_3D('',#1578,#1277,$);
#1192=AXIS2_PLACEMENT_3D('',#1579,#1278,$);
#1193=AXIS2_PLACEMENT_3D('',#1580,#1279,$);
#1194=AXIS2_PLACEMENT_3D('',#1581,#1280,$);
#1195=AXIS2_PLACEMENT_3D('',#1582,#1281,$);
#1196=AXIS2_PLACEMENT_3D('',#1583,#1282,$);
#1197=AXIS2_PLACEMENT_3D('',#1584,#1283,$);
#1198=AXIS2_PLACEMENT_3D($,#1745,#1284,#1285);
#1199=AXIS2_PLACEMENT_3D($,#1746,#1286,#1287);
#1200=AXIS2_PLACEMENT_3D($,#1747,#1288,#1289);
#1201=AXIS2_PLACEMENT_3D($,#1748,#1290,#1291);
#1202=AXIS2_PLACEMENT_3D('',#1749,#1292,$);
#1203=AXIS2_PLACEMENT_3D('',#1750,#1293,$);
#1204=AXIS2_PLACEMENT_3D('',#1751,#1294,$);
#1205=AXIS2_PLACEMENT_3D('',#1752,#1295,$);
#1206=AXIS2_PLACEMENT_3D('',#1753,#1296,$);
#1207=AXIS2_PLACEMENT_3D('',#1754,#1297,$);
#1208=AXIS2_PLACEMENT_3D('',#1755,#1298,$);
#1209=AXIS2_PLACEMENT_3D($,#1812,#1299,#1300);
#1210=AXIS2_PLACEMENT_3D($,#1813,#1301,#1302);
#1211=AXIS2_PLACEMENT_3D($,#1814,#1303,#1304);
#1212=AXIS2_PLACEMENT_3D('',#1815,#1305,$);
#1213=AXIS2_PLACEMENT_3D('',#1816,#1306,$);
#1214=AXIS2_PLACEMENT_3D('',#1817,#1307,$);
#1215=AXIS2_PLACEMENT_3D('',#1818,#1308,$);
#1216=AXIS2_PLACEMENT_3D('',#1819,#1309,$);
#1217=AXIS2_PLACEMENT_3D('',#1820,#1310,$);
#1218=AXIS2_PLACEMENT_3D('',#1821,#1311,$);
#1219=AXIS2_PLACEMENT_3D('',#1822,#1312,$);
#1220=AXIS2_PLACEMENT_3D($,#1883,#1313,#1314);
#1221=AXIS2_PLACEMENT_3D($,#1884,#1315,#1316);
#1222=AXIS2_PLACEMENT_3D($,#1885,#1317,#1318);
#1223=AXIS2_PLACEMENT_3D($,#1886,#1319,#1320);
#1224=AXIS2_PLACEMENT_3D($,#1887,#1321,#1322);
#1225=AXIS2_PLACEMENT_3D($,#1888,#1323,#1324);
#1226=AXIS2_PLACEMENT_3D($,#1889,#1325,#1326);
#1227=AXIS2_PLACEMENT_3D($,#1890,#1327,#1328);
#1228=AXIS2_PLACEMENT_3D($,#1891,#1329,#1330);
#1229=AXIS2_PLACEMENT_3D('',#1892,#1331,$);
#1230=AXIS2_PLACEMENT_3D('',#1893,#1332,$);
#1231=AXIS2_PLACEMENT_3D('',#1894,#1333,$);
#1232=AXIS2_PLACEMENT_3D('',#1895,#1334,$);
#1233=AXIS2_PLACEMENT_3D($,#1924,#1335,#1336);
#1234=AXIS2_PLACEMENT_3D($,#1925,#1337,#1338);
#1235=AXIS2_PLACEMENT_3D($,#1926,#1339,#1340);
#1236=AXIS2_PLACEMENT_3D($,#1927,#1341,#1342);
#1237=AXIS2_PLACEMENT_3D($,#1928,#1343,#1344);
#1238=DIRECTION('',(0.,0.,1.));
#1239=DIRECTION('',(1.,0.,0.));
#1240=DIRECTION('',(0.,0.,1.));
#1241=DIRECTION('',(1.,0.,0.));
#1242=DIRECTION('',(0.,0.,-1.));
#1243=DIRECTION('',(0.,0.,-1.));
#1244=DIRECTION('',(0.,0.,-1.));
#1245=DIRECTION('',(0.,0.,-1.));
#1246=DIRECTION('',(0.,0.,-1.));
#1247=DIRECTION('',(0.,0.,-1.));
#1248=DIRECTION('',(0.,0.,-1.));
#1249=DIRECTION('',(0.,0.,-1.));
#1250=DIRECTION('',(0.,0.,-1.));
#1251=DIRECTION('',(0.,0.,-1.));
#1252=DIRECTION('',(0.,0.,-1.));
#1253=DIRECTION('',(0.,0.,-1.));
#1254=DIRECTION('',(0.,1.,0.));
#1255=DIRECTION('',(1.,0.,0.));
#1256=DIRECTION('',(0.,-1.,0.));
#1257=DIRECTION('',(-1.,0.,0.));
#1258=DIRECTION('',(0.,0.,1.));
#1259=DIRECTION('',(0.,0.,-1.));
#1260=DIRECTION('',(0.,0.,1.));
#1261=DIRECTION('',(1.,0.,0.));
#1262=DIRECTION('',(0.,0.,1.));
#1263=DIRECTION('',(1.,0.,0.));
#1264=DIRECTION('',(0.,0.,1.));
#1265=DIRECTION('',(1.,0.,0.));
#1266=DIRECTION('',(0.,0.,1.));
#1267=DIRECTION('',(1.,0.,0.));
#1268=DIRECTION('',(1.,0.,0.));
#1269=DIRECTION('',(1.,0.,0.));
#1270=DIRECTION('',(1.,0.,0.));
#1271=DIRECTION('',(0.,1.,0.));
#1272=DIRECTION('',(0.,1.,0.));
#1273=DIRECTION('',(1.,0.,0.));
#1274=DIRECTION('',(1.,0.,0.));
#1275=DIRECTION('',(1.,0.,0.));
#1276=DIRECTION('',(-1.,0.,0.));
#1277=DIRECTION('',(0.,-1.,0.));
#1278=DIRECTION('',(-1.,0.,0.));
#1279=DIRECTION('',(0.,1.,0.));
#1280=DIRECTION('',(1.,0.,0.));
#1281=DIRECTION('',(0.,-1.,0.));
#1282=DIRECTION('',(0.,0.,1.));
#1283=DIRECTION('',(0.,0.,-1.));
#1284=DIRECTION('',(0.,0.,1.));
#1285=DIRECTION('',(1.,0.,0.));
#1286=DIRECTION('',(0.,0.,1.));
#1287=DIRECTION('',(1.,0.,0.));
#1288=DIRECTION('',(0.,0.,1.));
#1289=DIRECTION('',(1.,0.,0.));
#1290=DIRECTION('',(0.,0.,1.));
#1291=DIRECTION('',(1.,0.,0.));
#1292=DIRECTION('',(-1.,0.,0.));
#1293=DIRECTION('',(1.,0.,0.));
#1294=DIRECTION('',(1.,0.,0.));
#1295=DIRECTION('',(1.,0.,0.));
#1296=DIRECTION('',(-1.,0.,0.));
#1297=DIRECTION('',(1.,0.,0.));
#1298=DIRECTION('',(-1.,0.,0.));
#1299=DIRECTION('',(0.,0.,1.));
#1300=DIRECTION('',(1.,0.,0.));
#1301=DIRECTION('',(-1.,0.,0.));
#1302=DIRECTION('',(0.,1.,1.224606E-16));
#1303=DIRECTION('',(0.,0.,1.));
#1304=DIRECTION('',(1.,0.,0.));
#1305=DIRECTION('',(-1.,0.,0.));
#1306=DIRECTION('',(-1.,0.,0.));
#1307=DIRECTION('',(0.,0.,-1.));
#1308=DIRECTION('',(0.,1.,0.));
#1309=DIRECTION('',(0.,0.,1.));
#1310=DIRECTION('',(0.,-1.,0.));
#1311=DIRECTION('',(1.,0.,0.));
#1312=DIRECTION('',(-1.,0.,0.));
#1313=DIRECTION('',(0.,0.,1.));
#1314=DIRECTION('',(1.,0.,0.));
#1315=DIRECTION('',(-1.,0.,0.));
#1316=DIRECTION('',(0.,1.,1.224606E-16));
#1317=DIRECTION('',(2.220446E-16,0.,-1.));
#1318=DIRECTION('',(-2.220446E-16,1.,-4.930381E-32));
#1319=DIRECTION('',(2.220446E-16,0.,-1.));
#1320=DIRECTION('',(-2.220446E-16,1.,-4.930381E-32));
#1321=DIRECTION('',(2.220446E-16,0.,-1.));
#1322=DIRECTION('',(-2.220446E-16,1.,-4.930381E-32));
#1323=DIRECTION('',(-2.220446E-16,-1.,-2.220446E-16));
#1324=DIRECTION('',(-2.220446E-16,2.220446E-16,-1.));
#1325=DIRECTION('',(-2.220446E-16,1.,-2.220446E-16));
#1326=DIRECTION('',(2.220446E-16,-2.220446E-16,-1.));
#1327=DIRECTION('',(0.,0.,1.));
#1328=DIRECTION('',(1.,0.,0.));
#1329=DIRECTION('',(0.,0.,1.));
#1330=DIRECTION('',(1.,0.,0.));
#1331=DIRECTION('',(0.,0.,1.));
#1332=DIRECTION('',(0.,0.,1.));
#1333=DIRECTION('',(0.,0.,-1.));
#1334=DIRECTION('',(0.,0.,1.));
#1335=DIRECTION('',(0.,0.,1.));
#1336=DIRECTION('',(1.,0.,0.));
#1337=DIRECTION('',(0.,0.,1.));
#1338=DIRECTION('',(2.220446E-16,1.,0.));
#1339=DIRECTION('',(6.123032E-17,1.,-2.220446E-16));
#1340=DIRECTION('',(2.220446E-16,-2.220446E-16,-1.));
#1341=DIRECTION('',(6.123032E-17,1.,-2.220446E-16));
#1342=DIRECTION('',(2.220446E-16,-2.220446E-16,-1.));
#1343=DIRECTION('',(-1.,0.,-2.220446E-16));
#1344=DIRECTION('',(-2.220446E-16,-2.220446E-16,1.));
#1345=CARTESIAN_POINT('',(0.,0.,0.));
#1346=CARTESIAN_POINT('',(0.,0.,0.));
#1347=CARTESIAN_POINT('',(65.,0.,0.));
#1348=CARTESIAN_POINT('',(42.4999999999999,12.9903810567665,1.13686837721616E-13));
#1349=CARTESIAN_POINT('',(42.5000000000001,-12.9903810567666,0.));
#1350=CARTESIAN_POINT('',(-65.,0.,0.));
#1351=CARTESIAN_POINT('',(-42.4999999999999,-12.9903810567666,1.13686837721616E-13));
#1352=CARTESIAN_POINT('',(-42.5000000000001,12.9903810567667,0.));
#1353=CARTESIAN_POINT('',(-42.5000000000001,12.9903810567667,0.));
#1354=CARTESIAN_POINT('',(-42.4999999999999,-12.9903810567666,1.13686837721616E-13));
#1355=CARTESIAN_POINT('',(-65.,0.,0.));
#1356=CARTESIAN_POINT('',(42.5000000000001,-12.9903810567666,0.));
#1357=CARTESIAN_POINT('',(42.4999999999999,12.9903810567665,1.13686837721616E-13));
#1358=CARTESIAN_POINT('',(65.,0.,0.));
#1359=CARTESIAN_POINT('',(-108.000012,75.,-12.000012));
#1360=CARTESIAN_POINT('',(90.,-90.000012,12.000012));
#1361=CARTESIAN_POINT('',(-108.000012,-75.,12.000012));
#1362=CARTESIAN_POINT('',(-90.,-90.000012,-12.000012));
#1363=CARTESIAN_POINT('',(108.000012,-90.000012,10.));
#1364=CARTESIAN_POINT('',(-108.000012,-90.000012,-10.));
#1365=CARTESIAN_POINT('',(60.,3.491483E-14,-10.));
#1366=CARTESIAN_POINT('',(60.,3.31938620557214E-16,10.));
#1367=CARTESIAN_POINT('',(70.,-3.491483E-14,-10.));
#1368=CARTESIAN_POINT('',(70.,-3.4174675779727E-14,10.));
#1369=CARTESIAN_POINT('',(44.9999999999999,8.66025403784435,-9.99999999999989));
#1370=CARTESIAN_POINT('',(45.,8.66025403784438,10.));
#1371=CARTESIAN_POINT('',(39.9999999999999,17.3205080756887,-9.99999999999989));
#1372=CARTESIAN_POINT('',(39.9999999999999,17.3205080756887,10.0000000000001));
#1373=CARTESIAN_POINT('',(45.0000000000001,-8.66025403784445,-10.));
#1374=CARTESIAN_POINT('',(45.0000000000001,-8.66025403784443,10.));
#1375=CARTESIAN_POINT('',(40.0000000000001,-17.3205080756888,-10.));
#1376=CARTESIAN_POINT('',(40.0000000000001,-17.3205080756888,10.));
#1377=CARTESIAN_POINT('',(-70.,3.491483E-14,-10.));
#1378=CARTESIAN_POINT('',(-70.,3.31938620557214E-16,10.));
#1379=CARTESIAN_POINT('',(-60.,-3.491483E-14,-10.));
#1380=CARTESIAN_POINT('',(-60.,-3.4174675779727E-14,10.));
#1381=CARTESIAN_POINT('',(-39.9999999999999,-17.3205080756888,-9.99999999999989));
#1382=CARTESIAN_POINT('',(-39.9999999999999,-17.3205080756887,10.));
#1383=CARTESIAN_POINT('',(-44.9999999999999,-8.66025403784437,-9.99999999999989));
#1384=CARTESIAN_POINT('',(-44.9999999999999,-8.66025403784436,10.0000000000001));
#1385=CARTESIAN_POINT('',(-40.0000000000001,17.3205080756889,-10.));
#1386=CARTESIAN_POINT('',(-40.0000000000001,17.3205080756889,10.));
#1387=CARTESIAN_POINT('',(-45.0000000000001,8.66025403784446,-10.));
#1388=CARTESIAN_POINT('',(-45.0000000000001,8.66025403784447,10.));
#1389=CARTESIAN_POINT('',(-90.,75.,10.));
#1390=CARTESIAN_POINT('',(90.,75.,10.));
#1391=CARTESIAN_POINT('',(90.,75.,-10.));
#1392=CARTESIAN_POINT('',(-90.,75.,-10.));
#1393=CARTESIAN_POINT('',(90.,-75.,10.));
#1394=CARTESIAN_POINT('',(90.,-75.,-10.));
#1395=CARTESIAN_POINT('',(-90.,-75.,10.));
#1396=CARTESIAN_POINT('',(-90.,-75.,-10.));
#1397=CARTESIAN_POINT('',(60.,3.491483E-14,-10.));
#1398=CARTESIAN_POINT('',(60.,0.,10.));
#1399=CARTESIAN_POINT('',(70.,-3.491483E-14,-10.));
#1400=CARTESIAN_POINT('',(70.,4.99999999999996,-10.));
#1401=CARTESIAN_POINT('',(65.,5.,-10.));
#1402=CARTESIAN_POINT('',(60.,5.00000000000003,-10.));
#1403=CARTESIAN_POINT('',(60.,3.491483E-14,-10.));
#1404=CARTESIAN_POINT('',(70.,-3.491483E-14,10.));
#1405=CARTESIAN_POINT('',(70.,-3.491483E-14,-10.));
#1406=CARTESIAN_POINT('',(60.,0.,10.));
#1407=CARTESIAN_POINT('',(60.,5.00000000000002,10.));
#1408=CARTESIAN_POINT('',(65.,5.,10.));
#1409=CARTESIAN_POINT('',(70.,4.99999999999998,10.));
#1410=CARTESIAN_POINT('',(70.,-3.2694367339181E-14,10.));
#1411=CARTESIAN_POINT('',(44.9999999999999,8.66025403784436,-9.99999999999989));
#1412=CARTESIAN_POINT('',(45.,8.66025403784438,10.));
#1413=CARTESIAN_POINT('',(39.9999999999999,17.3205080756887,-9.99999999999989));
#1414=CARTESIAN_POINT('',(35.6698729810777,14.8205080756887,-9.99999999999989));
#1415=CARTESIAN_POINT('',(38.1698729810777,10.4903810567665,-9.99999999999989));
#1416=CARTESIAN_POINT('',(40.6698729810777,6.16025403784435,-9.99999999999989));
#1417=CARTESIAN_POINT('',(44.9999999999999,8.66025403784435,-9.99999999999989));
#1418=CARTESIAN_POINT('',(39.9999999999999,17.3205080756887,10.0000000000001));
#1419=CARTESIAN_POINT('',(39.9999999999999,17.3205080756887,-9.99999999999989));
#1420=CARTESIAN_POINT('',(45.,8.66025403784438,10.));
#1421=CARTESIAN_POINT('',(40.6698729810778,6.16025403784433,10.));
#1422=CARTESIAN_POINT('',(38.1698729810777,10.4903810567665,10.0000000000001));
#1423=CARTESIAN_POINT('',(35.6698729810777,14.8205080756887,10.0000000000001));
#1424=CARTESIAN_POINT('',(39.9999999999999,17.3205080756887,10.0000000000001));
#1425=CARTESIAN_POINT('',(45.0000000000001,-8.66025403784445,-10.));
#1426=CARTESIAN_POINT('',(45.0000000000001,-8.66025403784443,10.));
#1427=CARTESIAN_POINT('',(40.0000000000001,-17.3205080756888,-10.));
#1428=CARTESIAN_POINT('',(44.3301270189223,-19.8205080756888,-10.));
#1429=CARTESIAN_POINT('',(46.8301270189223,-15.4903810567666,-10.));
#1430=CARTESIAN_POINT('',(49.3301270189223,-11.1602540378444,-10.));
#1431=CARTESIAN_POINT('',(45.0000000000001,-8.66025403784445,-10.));
#1432=CARTESIAN_POINT('',(40.0000000000001,-17.3205080756888,10.));
#1433=CARTESIAN_POINT('',(40.0000000000001,-17.3205080756888,-10.));
#1434=CARTESIAN_POINT('',(45.0000000000001,-8.66025403784443,10.));
#1435=CARTESIAN_POINT('',(49.3301270189223,-11.1602540378444,10.));
#1436=CARTESIAN_POINT('',(46.8301270189223,-15.4903810567666,10.));
#1437=CARTESIAN_POINT('',(44.3301270189223,-19.8205080756888,10.));
#1438=CARTESIAN_POINT('',(40.0000000000001,-17.3205080756888,10.));
#1439=CARTESIAN_POINT('',(-70.,3.491483E-14,-10.));
#1440=CARTESIAN_POINT('',(-70.,0.,10.));
#1441=CARTESIAN_POINT('',(-60.,-3.491483E-14,-10.));
#1442=CARTESIAN_POINT('',(-60.,4.99999999999996,-10.));
#1443=CARTESIAN_POINT('',(-65.,5.,-10.));
#1444=CARTESIAN_POINT('',(-70.,5.00000000000003,-10.));
#1445=CARTESIAN_POINT('',(-70.,3.491483E-14,-10.));
#1446=CARTESIAN_POINT('',(-60.,-3.491483E-14,10.));
#1447=CARTESIAN_POINT('',(-60.,-3.491483E-14,-10.));
#1448=CARTESIAN_POINT('',(-70.,0.,10.));
#1449=CARTESIAN_POINT('',(-70.,5.00000000000002,10.));
#1450=CARTESIAN_POINT('',(-65.,5.,10.));
#1451=CARTESIAN_POINT('',(-60.,4.99999999999998,10.));
#1452=CARTESIAN_POINT('',(-60.,-3.2694367339181E-14,10.));
#1453=CARTESIAN_POINT('',(-39.9999999999999,-17.3205080756888,-9.99999999999989));
#1454=CARTESIAN_POINT('',(-39.9999999999999,-17.3205080756887,10.));
#1455=CARTESIAN_POINT('',(-44.9999999999999,-8.66025403784437,-9.99999999999989));
#1456=CARTESIAN_POINT('',(-49.3301270189221,-11.1602540378444,-9.99999999999989));
#1457=CARTESIAN_POINT('',(-46.8301270189221,-15.4903810567666,-9.99999999999989));
#1458=CARTESIAN_POINT('',(-44.3301270189221,-19.8205080756888,-9.99999999999989));
#1459=CARTESIAN_POINT('',(-39.9999999999999,-17.3205080756888,-9.99999999999989));
#1460=CARTESIAN_POINT('',(-44.9999999999999,-8.66025403784436,10.0000000000001));
#1461=CARTESIAN_POINT('',(-44.9999999999999,-8.66025403784437,-9.99999999999989));
#1462=CARTESIAN_POINT('',(-39.9999999999999,-17.3205080756887,10.));
#1463=CARTESIAN_POINT('',(-44.3301270189221,-19.8205080756888,10.));
#1464=CARTESIAN_POINT('',(-46.8301270189221,-15.4903810567666,10.0000000000001));
#1465=CARTESIAN_POINT('',(-49.3301270189221,-11.1602540378444,10.0000000000001));
#1466=CARTESIAN_POINT('',(-44.9999999999999,-8.66025403784436,10.0000000000001));
#1467=CARTESIAN_POINT('',(-40.0000000000001,17.3205080756889,-10.));
#1468=CARTESIAN_POINT('',(-40.0000000000001,17.3205080756889,10.));
#1469=CARTESIAN_POINT('',(-45.0000000000001,8.66025403784446,-10.));
#1470=CARTESIAN_POINT('',(-40.6698729810779,6.16025403784447,-10.));
#1471=CARTESIAN_POINT('',(-38.1698729810779,10.4903810567667,-10.));
#1472=CARTESIAN_POINT('',(-35.6698729810779,14.8205080756889,-10.));
#1473=CARTESIAN_POINT('',(-40.0000000000001,17.3205080756889,-10.));
#1474=CARTESIAN_POINT('',(-45.0000000000001,8.66025403784446,10.));
#1475=CARTESIAN_POINT('',(-45.0000000000001,8.66025403784446,-10.));
#1476=CARTESIAN_POINT('',(-40.0000000000001,17.3205080756889,10.));
#1477=CARTESIAN_POINT('',(-35.6698729810779,14.8205080756889,10.));
#1478=CARTESIAN_POINT('',(-38.1698729810779,10.4903810567667,10.));
#1479=CARTESIAN_POINT('',(-40.6698729810779,6.16025403784447,10.));
#1480=CARTESIAN_POINT('',(-45.0000000000001,8.66025403784447,10.));
#1481=CARTESIAN_POINT('',(-40.0000000000001,17.3205080756889,10.));
#1482=CARTESIAN_POINT('',(-44.3301270189223,19.8205080756888,10.));
#1483=CARTESIAN_POINT('',(-46.8301270189223,15.4903810567666,10.));
#1484=CARTESIAN_POINT('',(-49.3301270189223,11.1602540378445,10.));
#1485=CARTESIAN_POINT('',(-45.0000000000001,8.66025403784447,10.));
#1486=CARTESIAN_POINT('',(-45.0000000000001,8.66025403784446,-10.));
#1487=CARTESIAN_POINT('',(-49.3301270189223,11.1602540378445,-10.));
#1488=CARTESIAN_POINT('',(-46.8301270189223,15.4903810567667,-10.));
#1489=CARTESIAN_POINT('',(-44.3301270189223,19.8205080756888,-10.));
#1490=CARTESIAN_POINT('',(-40.0000000000001,17.3205080756889,-10.));
#1491=CARTESIAN_POINT('',(-39.9999999999999,-17.3205080756887,10.));
#1492=CARTESIAN_POINT('',(-35.6698729810777,-14.8205080756887,10.));
#1493=CARTESIAN_POINT('',(-38.1698729810777,-10.4903810567665,10.0000000000001));
#1494=CARTESIAN_POINT('',(-40.6698729810777,-6.16025403784437,10.0000000000001));
#1495=CARTESIAN_POINT('',(-44.9999999999999,-8.66025403784436,10.0000000000001));
#1496=CARTESIAN_POINT('',(-44.9999999999999,-8.66025403784437,-9.99999999999989));
#1497=CARTESIAN_POINT('',(-40.6698729810777,-6.16025403784437,-9.99999999999989));
#1498=CARTESIAN_POINT('',(-38.1698729810777,-10.4903810567666,-9.99999999999989));
#1499=CARTESIAN_POINT('',(-35.6698729810777,-14.8205080756887,-9.99999999999989));
#1500=CARTESIAN_POINT('',(-39.9999999999999,-17.3205080756888,-9.99999999999989));
#1501=CARTESIAN_POINT('',(-70.,9.95815861671642E-16,10.));
#1502=CARTESIAN_POINT('',(-70.,-4.99999999999998,10.));
#1503=CARTESIAN_POINT('',(-65.,-5.,10.));
#1504=CARTESIAN_POINT('',(-60.,-5.00000000000002,10.));
#1505=CARTESIAN_POINT('',(-60.,-3.491483E-14,10.));
#1506=CARTESIAN_POINT('',(-70.,3.491483E-14,-10.));
#1507=CARTESIAN_POINT('',(-70.,-4.99999999999996,-10.));
#1508=CARTESIAN_POINT('',(-65.,-5.,-10.));
#1509=CARTESIAN_POINT('',(-60.,-5.00000000000003,-10.));
#1510=CARTESIAN_POINT('',(-60.,-3.491483E-14,-10.));
#1511=CARTESIAN_POINT('',(40.0000000000001,-17.3205080756888,10.));
#1512=CARTESIAN_POINT('',(35.669872981078,-14.8205080756889,10.));
#1513=CARTESIAN_POINT('',(38.1698729810779,-10.4903810567667,10.));
#1514=CARTESIAN_POINT('',(40.6698729810779,-6.16025403784448,10.));
#1515=CARTESIAN_POINT('',(45.0000000000001,-8.66025403784443,10.));
#1516=CARTESIAN_POINT('',(45.0000000000001,-8.66025403784445,-10.));
#1517=CARTESIAN_POINT('',(40.6698729810779,-6.16025403784445,-10.));
#1518=CARTESIAN_POINT('',(38.1698729810779,-10.4903810567666,-10.));
#1519=CARTESIAN_POINT('',(35.6698729810779,-14.8205080756888,-10.));
#1520=CARTESIAN_POINT('',(40.0000000000001,-17.3205080756888,-10.));
#1521=CARTESIAN_POINT('',(45.,8.66025403784438,10.));
#1522=CARTESIAN_POINT('',(49.3301270189221,11.1602540378444,10.));
#1523=CARTESIAN_POINT('',(46.8301270189221,15.4903810567666,10.0000000000001));
#1524=CARTESIAN_POINT('',(44.3301270189221,19.8205080756887,10.0000000000001));
#1525=CARTESIAN_POINT('',(39.9999999999999,17.3205080756887,10.0000000000001));
#1526=CARTESIAN_POINT('',(44.9999999999999,8.66025403784436,-9.99999999999989));
#1527=CARTESIAN_POINT('',(49.3301270189221,11.1602540378444,-9.99999999999989));
#1528=CARTESIAN_POINT('',(46.8301270189221,15.4903810567666,-9.99999999999989));
#1529=CARTESIAN_POINT('',(44.3301270189221,19.8205080756887,-9.99999999999989));
#1530=CARTESIAN_POINT('',(39.9999999999999,17.3205080756887,-9.99999999999989));
#1531=CARTESIAN_POINT('',(60.,9.95815861671642E-16,10.));
#1532=CARTESIAN_POINT('',(60.,-4.99999999999998,10.));
#1533=CARTESIAN_POINT('',(65.,-5.,10.));
#1534=CARTESIAN_POINT('',(70.,-5.00000000000002,10.));
#1535=CARTESIAN_POINT('',(70.,-3.491483E-14,10.));
#1536=CARTESIAN_POINT('',(60.,3.491483E-14,-10.));
#1537=CARTESIAN_POINT('',(60.,-4.99999999999996,-10.));
#1538=CARTESIAN_POINT('',(65.,-5.,-10.));
#1539=CARTESIAN_POINT('',(70.,-5.00000000000003,-10.));
#1540=CARTESIAN_POINT('',(70.,-3.491483E-14,-10.));
#1541=CARTESIAN_POINT('',(-90.,75.,10.));
#1542=CARTESIAN_POINT('',(90.,75.,10.));
#1543=CARTESIAN_POINT('',(90.,75.,10.));
#1544=CARTESIAN_POINT('',(90.,75.,-10.));
#1545=CARTESIAN_POINT('',(90.,75.,-10.));
#1546=CARTESIAN_POINT('',(-90.,75.,-10.));
#1547=CARTESIAN_POINT('',(-90.,75.,-10.));
#1548=CARTESIAN_POINT('',(-90.,75.,10.));
#1549=CARTESIAN_POINT('',(90.,75.,10.));
#1550=CARTESIAN_POINT('',(90.,-75.,10.));
#1551=CARTESIAN_POINT('',(90.,-75.,10.));
#1552=CARTESIAN_POINT('',(90.,-75.,-10.));
#1553=CARTESIAN_POINT('',(90.,-75.,-10.));
#1554=CARTESIAN_POINT('',(90.,75.,-10.));
#1555=CARTESIAN_POINT('',(90.,-75.,10.));
#1556=CARTESIAN_POINT('',(-90.,-75.,10.));
#1557=CARTESIAN_POINT('',(-90.,-75.,10.));
#1558=CARTESIAN_POINT('',(-90.,-75.,-10.));
#1559=CARTESIAN_POINT('',(-90.,-75.,-10.));
#1560=CARTESIAN_POINT('',(90.,-75.,-10.));
#1561=CARTESIAN_POINT('',(-90.,-75.,10.));
#1562=CARTESIAN_POINT('',(-90.,75.,10.));
#1563=CARTESIAN_POINT('',(-90.,75.,-10.));
#1564=CARTESIAN_POINT('',(-90.,-75.,-10.));
#1565=CARTESIAN_POINT('',(0.,0.,0.));
#1566=CARTESIAN_POINT('',(90.,75.,10.));
#1567=CARTESIAN_POINT('',(0.,0.,0.));
#1568=CARTESIAN_POINT('',(0.,0.,0.));
#1569=CARTESIAN_POINT('',(25.,5.,0.));
#1570=CARTESIAN_POINT('',(24.9999999999999,-17.5,-12.9903810567665));
#1571=CARTESIAN_POINT('',(25.,-17.4999999999999,12.9903810567666));
#1572=CARTESIAN_POINT('',(-10.,20.,0.));
#1573=CARTESIAN_POINT('',(-10.,20.,6.2803698347351E-16));
#1574=CARTESIAN_POINT('',(25.,-17.4999999999999,12.9903810567666));
#1575=CARTESIAN_POINT('',(24.9999999999999,-17.5000000000001,-12.9903810567665));
#1576=CARTESIAN_POINT('',(25.,5.,0.));
#1577=CARTESIAN_POINT('',(20.,-29.000012,-60.000012));
#1578=CARTESIAN_POINT('',(-35.000012,15.,60.000012));
#1579=CARTESIAN_POINT('',(-30.,13.999988,-60.000012));
#1580=CARTESIAN_POINT('',(-36.000012,25.,-60.000012));
#1581=CARTESIAN_POINT('',(30.,-30.000012,60.000012));
#1582=CARTESIAN_POINT('',(18.999988,-25.,60.000012));
#1583=CARTESIAN_POINT('',(36.000012,-30.000012,50.));
#1584=CARTESIAN_POINT('',(-36.000012,-30.000012,-50.));
#1585=CARTESIAN_POINT('',(30.,4.99999999999997,5.));
#1586=CARTESIAN_POINT('',(20.,5.,5.));
#1587=CARTESIAN_POINT('',(30.,5.00000000000004,-5.));
#1588=CARTESIAN_POINT('',(20.,5.00000000000003,-5.));
#1589=CARTESIAN_POINT('',(29.9999999999999,-13.1698729810778,-15.4903810567665));
#1590=CARTESIAN_POINT('',(20.,-13.1698729810779,-15.4903810567666));
#1591=CARTESIAN_POINT('',(29.9999999999999,-21.8301270189222,-10.4903810567666));
#1592=CARTESIAN_POINT('',(19.9999999999999,-21.8301270189222,-10.4903810567666));
#1593=CARTESIAN_POINT('',(30.,-21.8301270189221,10.4903810567667));
#1594=CARTESIAN_POINT('',(20.,-21.8301270189221,10.4903810567667));
#1595=CARTESIAN_POINT('',(30.,-13.1698729810777,15.4903810567666));
#1596=CARTESIAN_POINT('',(20.,-13.1698729810777,15.4903810567666));
#1597=CARTESIAN_POINT('',(-10.,25.,-5.));
#1598=CARTESIAN_POINT('',(-10.,15.,-5.));
#1599=CARTESIAN_POINT('',(-9.99999999999996,25.,5.));
#1600=CARTESIAN_POINT('',(-9.99999999999996,15.,5.));
#1601=CARTESIAN_POINT('',(20.,-25.,50.));
#1602=CARTESIAN_POINT('',(20.,15.,50.));
#1603=CARTESIAN_POINT('',(20.,15.,-50.));
#1604=CARTESIAN_POINT('',(20.,-25.,-50.));
#1605=CARTESIAN_POINT('',(-30.,15.,50.));
#1606=CARTESIAN_POINT('',(-30.,15.,-50.));
#1607=CARTESIAN_POINT('',(-30.,25.,50.));
#1608=CARTESIAN_POINT('',(-30.,25.,-50.));
#1609=CARTESIAN_POINT('',(30.,25.,50.));
#1610=CARTESIAN_POINT('',(30.,25.,-50.));
#1611=CARTESIAN_POINT('',(30.,-25.,50.));
#1612=CARTESIAN_POINT('',(30.,-25.,-50.));
#1613=CARTESIAN_POINT('',(30.,4.99999999999997,5.));
#1614=CARTESIAN_POINT('',(20.,5.,5.));
#1615=CARTESIAN_POINT('',(30.,5.00000000000004,-5.));
#1616=CARTESIAN_POINT('',(30.,3.61121265497268E-14,-5.00000000000004));
#1617=CARTESIAN_POINT('',(30.,8.88178419700125E-16,-3.58332984877918E-14));
#1618=CARTESIAN_POINT('',(30.,-3.42280155993063E-14,4.99999999999996));
#1619=CARTESIAN_POINT('',(30.,4.99999999999997,5.));
#1620=CARTESIAN_POINT('',(20.,5.00000000000003,-5.));
#1621=CARTESIAN_POINT('',(30.,5.00000000000004,-5.));
#1622=CARTESIAN_POINT('',(20.,5.,5.));
#1623=CARTESIAN_POINT('',(20.,-1.6642980062048E-14,5.));
#1624=CARTESIAN_POINT('',(20.,0.,-1.63471836695906E-14));
#1625=CARTESIAN_POINT('',(20.,1.5386906095101E-14,-5.00000000000003));
#1626=CARTESIAN_POINT('',(20.,5.00000000000003,-5.));
#1627=CARTESIAN_POINT('',(29.9999999999999,-13.1698729810778,-15.4903810567665));
#1628=CARTESIAN_POINT('',(20.,-13.1698729810779,-15.4903810567666));
#1629=CARTESIAN_POINT('',(29.9999999999999,-21.8301270189223,-10.4903810567666));
#1630=CARTESIAN_POINT('',(29.9999999999999,-19.3301270189223,-6.16025403784434));
#1631=CARTESIAN_POINT('',(29.9999999999999,-15.0000000000001,-8.66025403784433));
#1632=CARTESIAN_POINT('',(29.9999999999999,-10.6698729810779,-11.1602540378443));
#1633=CARTESIAN_POINT('',(29.9999999999999,-13.1698729810778,-15.4903810567665));
#1634=CARTESIAN_POINT('',(19.9999999999999,-21.8301270189223,-10.4903810567666));
#1635=CARTESIAN_POINT('',(29.9999999999999,-21.8301270189223,-10.4903810567666));
#1636=CARTESIAN_POINT('',(20.,-13.1698729810779,-15.4903810567666));
#1637=CARTESIAN_POINT('',(20.,-10.6698729810778,-11.1602540378444));
#1638=CARTESIAN_POINT('',(20.,-15.,-8.66025403784435));
#1639=CARTESIAN_POINT('',(19.9999999999999,-19.3301270189223,-6.16025403784434));
#1640=CARTESIAN_POINT('',(19.9999999999999,-21.8301270189223,-10.4903810567666));
#1641=CARTESIAN_POINT('',(30.,-21.8301270189221,10.4903810567667));
#1642=CARTESIAN_POINT('',(20.,-21.8301270189221,10.4903810567667));
#1643=CARTESIAN_POINT('',(30.,-13.1698729810777,15.4903810567666));
#1644=CARTESIAN_POINT('',(30.,-10.6698729810777,11.1602540378444));
#1645=CARTESIAN_POINT('',(30.,-14.9999999999999,8.66025403784444));
#1646=CARTESIAN_POINT('',(30.,-19.3301270189221,6.16025403784445));
#1647=CARTESIAN_POINT('',(30.,-21.8301270189221,10.4903810567667));
#1648=CARTESIAN_POINT('',(20.,-13.1698729810777,15.4903810567666));
#1649=CARTESIAN_POINT('',(30.,-13.1698729810777,15.4903810567666));
#1650=CARTESIAN_POINT('',(20.,-21.8301270189221,10.4903810567667));
#1651=CARTESIAN_POINT('',(20.,-19.3301270189221,6.16025403784446));
#1652=CARTESIAN_POINT('',(20.,-14.9999999999999,8.66025403784443));
#1653=CARTESIAN_POINT('',(20.,-10.6698729810777,11.1602540378444));
#1654=CARTESIAN_POINT('',(20.,-13.1698729810777,15.4903810567666));
#1655=CARTESIAN_POINT('',(-10.,25.,-5.));
#1656=CARTESIAN_POINT('',(-10.,15.,-5.));
#1657=CARTESIAN_POINT('',(-9.99999999999996,25.,5.));
#1658=CARTESIAN_POINT('',(-15.,25.,5.00000000000004));
#1659=CARTESIAN_POINT('',(-15.,25.,3.58332984877918E-14));
#1660=CARTESIAN_POINT('',(-15.,25.,-4.99999999999996));
#1661=CARTESIAN_POINT('',(-10.,25.,-5.));
#1662=CARTESIAN_POINT('',(-9.99999999999996,15.,5.));
#1663=CARTESIAN_POINT('',(-9.99999999999996,25.,5.));
#1664=CARTESIAN_POINT('',(-10.,15.,-5.));
#1665=CARTESIAN_POINT('',(-15.,15.,-5.));
#1666=CARTESIAN_POINT('',(-15.,15.,1.74574066942157E-14));
#1667=CARTESIAN_POINT('',(-15.,15.,5.00000000000003));
#1668=CARTESIAN_POINT('',(-9.99999999999996,15.,5.));
#1669=CARTESIAN_POINT('',(-9.99999999999996,15.,5.));
#1670=CARTESIAN_POINT('',(-4.99999999999998,15.,4.99999999999996));
#1671=CARTESIAN_POINT('',(-5.,15.,-1.74574066942156E-14));
#1672=CARTESIAN_POINT('',(-5.00000000000002,15.,-5.));
#1673=CARTESIAN_POINT('',(-10.,15.,-5.));
#1674=CARTESIAN_POINT('',(-10.,25.,-5.));
#1675=CARTESIAN_POINT('',(-5.00000000000003,25.,-5.00000000000004));
#1676=CARTESIAN_POINT('',(-5.,25.,-3.58332984877918E-14));
#1677=CARTESIAN_POINT('',(-4.99999999999996,25.,4.99999999999996));
#1678=CARTESIAN_POINT('',(-9.99999999999996,25.,5.));
#1679=CARTESIAN_POINT('',(20.,-13.1698729810777,15.4903810567666));
#1680=CARTESIAN_POINT('',(20.,-15.6698729810776,19.8205080756888));
#1681=CARTESIAN_POINT('',(20.,-19.9999999999998,17.3205080756888));
#1682=CARTESIAN_POINT('',(20.,-24.330127018922,14.8205080756889));
#1683=CARTESIAN_POINT('',(20.,-21.8301270189221,10.4903810567667));
#1684=CARTESIAN_POINT('',(30.,-21.8301270189221,10.4903810567667));
#1685=CARTESIAN_POINT('',(30.,-24.3301270189221,14.8205080756889));
#1686=CARTESIAN_POINT('',(30.,-19.9999999999999,17.3205080756888));
#1687=CARTESIAN_POINT('',(30.,-15.6698729810777,19.8205080756888));
#1688=CARTESIAN_POINT('',(30.,-13.1698729810777,15.4903810567666));
#1689=CARTESIAN_POINT('',(19.9999999999999,-21.8301270189223,-10.4903810567666));
#1690=CARTESIAN_POINT('',(19.9999999999999,-24.3301270189222,-14.8205080756887));
#1691=CARTESIAN_POINT('',(20.,-20.,-17.3205080756887));
#1692=CARTESIAN_POINT('',(20.,-15.6698729810779,-19.8205080756887));
#1693=CARTESIAN_POINT('',(20.,-13.1698729810779,-15.4903810567666));
#1694=CARTESIAN_POINT('',(29.9999999999999,-13.1698729810778,-15.4903810567665));
#1695=CARTESIAN_POINT('',(29.9999999999999,-15.6698729810778,-19.8205080756887));
#1696=CARTESIAN_POINT('',(29.9999999999999,-20.,-17.3205080756887));
#1697=CARTESIAN_POINT('',(29.9999999999999,-24.3301270189222,-14.8205080756888));
#1698=CARTESIAN_POINT('',(29.9999999999999,-21.8301270189222,-10.4903810567666));
#1699=CARTESIAN_POINT('',(20.,5.00000000000003,-5.));
#1700=CARTESIAN_POINT('',(20.,10.,-4.99999999999996));
#1701=CARTESIAN_POINT('',(20.,10.,1.74574066942156E-14));
#1702=CARTESIAN_POINT('',(20.,9.99999999999998,5.));
#1703=CARTESIAN_POINT('',(20.,5.,5.));
#1704=CARTESIAN_POINT('',(30.,4.99999999999997,5.));
#1705=CARTESIAN_POINT('',(30.,9.99999999999996,5.00000000000004));
#1706=CARTESIAN_POINT('',(30.,10.,3.58332984877918E-14));
#1707=CARTESIAN_POINT('',(30.,10.,-4.99999999999996));
#1708=CARTESIAN_POINT('',(30.,5.00000000000004,-5.));
#1709=CARTESIAN_POINT('',(20.,-25.,50.));
#1710=CARTESIAN_POINT('',(20.,15.,50.));
#1711=CARTESIAN_POINT('',(20.,15.,50.));
#1712=CARTESIAN_POINT('',(20.,15.,-50.));
#1713=CARTESIAN_POINT('',(20.,15.,-50.));
#1714=CARTESIAN_POINT('',(20.,-25.,-50.));
#1715=CARTESIAN_POINT('',(20.,-25.,-50.));
#1716=CARTESIAN_POINT('',(20.,-25.,50.));
#1717=CARTESIAN_POINT('',(20.,15.,50.));
#1718=CARTESIAN_POINT('',(-30.,15.,50.));
#1719=CARTESIAN_POINT('',(-30.,15.,50.));
#1720=CARTESIAN_POINT('',(-30.,15.,-50.));
#1721=CARTESIAN_POINT('',(-30.,15.,-50.));
#1722=CARTESIAN_POINT('',(20.,15.,-50.));
#1723=CARTESIAN_POINT('',(-30.,15.,50.));
#1724=CARTESIAN_POINT('',(-30.,25.,50.));
#1725=CARTESIAN_POINT('',(-30.,25.,50.));
#1726=CARTESIAN_POINT('',(-30.,25.,-50.));
#1727=CARTESIAN_POINT('',(-30.,25.,-50.));
#1728=CARTESIAN_POINT('',(-30.,15.,-50.));
#1729=CARTESIAN_POINT('',(-30.,25.,50.));
#1730=CARTESIAN_POINT('',(30.,25.,50.));
#1731=CARTESIAN_POINT('',(30.,25.,50.));
#1732=CARTESIAN_POINT('',(30.,25.,-50.));
#1733=CARTESIAN_POINT('',(30.,25.,-50.));
#1734=CARTESIAN_POINT('',(-30.,25.,-50.));
#1735=CARTESIAN_POINT('',(30.,25.,50.));
#1736=CARTESIAN_POINT('',(30.,-25.,50.));
#1737=CARTESIAN_POINT('',(30.,-25.,50.));
#1738=CARTESIAN_POINT('',(30.,-25.,-50.));
#1739=CARTESIAN_POINT('',(30.,-25.,-50.));
#1740=CARTESIAN_POINT('',(30.,25.,-50.));
#1741=CARTESIAN_POINT('',(30.,-25.,50.));
#1742=CARTESIAN_POINT('',(20.,-25.,50.));
#1743=CARTESIAN_POINT('',(20.,-25.,-50.));
#1744=CARTESIAN_POINT('',(30.,-25.,-50.));
#1745=CARTESIAN_POINT('',(0.,0.,0.));
#1746=CARTESIAN_POINT('',(232.527291544515,85.3632663587163,50.));
#1747=CARTESIAN_POINT('',(0.,0.,0.));
#1748=CARTESIAN_POINT('',(0.,0.,0.));
#1749=CARTESIAN_POINT('',(-2.22044604925031E-16,0.,6.2803698347351E-16));
#1750=CARTESIAN_POINT('',(20.,0.,0.));
#1751=CARTESIAN_POINT('',(20.,0.,0.));
#1752=CARTESIAN_POINT('',(38.5,-6.00001200000004,-6.00001200000002));
#1753=CARTESIAN_POINT('',(0.,0.,-6.2803698347351E-16));
#1754=CARTESIAN_POINT('',(1.5,-9.00001200000005,-9.00001200000003));
#1755=CARTESIAN_POINT('',(-1.5,-9.00001200000006,-9.00001200000003));
#1756=CARTESIAN_POINT('',(-1.5,7.5,-1.11023299707616E-15));
#1757=CARTESIAN_POINT('',(1.5,7.5,-4.97909597502487E-16));
#1758=CARTESIAN_POINT('',(1.5,-7.5,5.12620170029238E-14));
#1759=CARTESIAN_POINT('',(-1.5,-7.5,5.18743404024975E-14));
#1760=CARTESIAN_POINT('',(38.5,5.,7.40154220272993E-16));
#1761=CARTESIAN_POINT('',(1.5,5.,7.40154220272993E-16));
#1762=CARTESIAN_POINT('',(1.5,-5.,-3.45828913794428E-14));
#1763=CARTESIAN_POINT('',(38.5,-5.,-3.45828913794428E-14));
#1764=CARTESIAN_POINT('',(-1.5,7.5,0.));
#1765=CARTESIAN_POINT('',(1.5,7.5,0.));
#1766=CARTESIAN_POINT('',(1.5,7.5,0.));
#1767=CARTESIAN_POINT('',(1.5,7.5,-7.50000000000002));
#1768=CARTESIAN_POINT('',(1.5,-2.45207755043859E-14,-7.5));
#1769=CARTESIAN_POINT('',(1.5,-7.50000000000005,-7.49999999999998));
#1770=CARTESIAN_POINT('',(1.5,-7.5,4.90415510087715E-14));
#1771=CARTESIAN_POINT('',(1.5,-7.5,5.237225E-14));
#1772=CARTESIAN_POINT('',(-1.5,-7.5,5.237225E-14));
#1773=CARTESIAN_POINT('',(-1.5,-7.5,5.237225E-14));
#1774=CARTESIAN_POINT('',(-1.5,-7.50000000000005,-7.49999999999997));
#1775=CARTESIAN_POINT('',(-1.5,-2.78514744956143E-14,-7.5));
#1776=CARTESIAN_POINT('',(-1.5,7.49999999999999,-7.50000000000003));
#1777=CARTESIAN_POINT('',(-1.5,7.5,-3.33069899122848E-15));
#1778=CARTESIAN_POINT('',(38.5,5.,0.));
#1779=CARTESIAN_POINT('',(1.5,5.,0.));
#1780=CARTESIAN_POINT('',(1.5,5.,2.22046266081898E-15));
#1781=CARTESIAN_POINT('',(1.5,5.,5.00000000000002));
#1782=CARTESIAN_POINT('',(1.5,-1.85676463304096E-14,5.));
#1783=CARTESIAN_POINT('',(1.5,-5.00000000000003,4.99999999999998));
#1784=CARTESIAN_POINT('',(1.5,-5.,-3.491483E-14));
#1785=CARTESIAN_POINT('',(1.5,-5.,-3.491483E-14));
#1786=CARTESIAN_POINT('',(38.5,-5.,-3.491483E-14));
#1787=CARTESIAN_POINT('',(38.5,-5.,-3.491483E-14));
#1788=CARTESIAN_POINT('',(38.5,-5.00000000000003,4.99999999999998));
#1789=CARTESIAN_POINT('',(38.5,-1.85676463304096E-14,5.));
#1790=CARTESIAN_POINT('',(38.5,5.,5.00000000000002));
#1791=CARTESIAN_POINT('',(38.5,5.,2.22046266081898E-15));
#1792=CARTESIAN_POINT('',(38.5,5.,0.));
#1793=CARTESIAN_POINT('',(38.5,5.,-4.99999999999998));
#1794=CARTESIAN_POINT('',(38.5,1.69595070691641E-14,-5.));
#1795=CARTESIAN_POINT('',(38.5,-4.99999999999997,-5.00000000000002));
#1796=CARTESIAN_POINT('',(38.5,-5.,-3.39190141383284E-14));
#1797=CARTESIAN_POINT('',(1.5,-5.,-3.39190141383284E-14));
#1798=CARTESIAN_POINT('',(1.5,-4.99999999999997,-5.00000000000002));
#1799=CARTESIAN_POINT('',(1.5,1.69595070691641E-14,-5.));
#1800=CARTESIAN_POINT('',(1.5,5.,-4.99999999999998));
#1801=CARTESIAN_POINT('',(1.5,5.,0.));
#1802=CARTESIAN_POINT('',(-1.5,7.5,0.));
#1803=CARTESIAN_POINT('',(-1.5,7.5,7.49999999999997));
#1804=CARTESIAN_POINT('',(-1.5,2.54392606037462E-14,7.5));
#1805=CARTESIAN_POINT('',(-1.5,-7.49999999999995,7.50000000000002));
#1806=CARTESIAN_POINT('',(-1.5,-7.5,5.08785212074926E-14));
#1807=CARTESIAN_POINT('',(1.5,-7.5,5.237225E-14));
#1808=CARTESIAN_POINT('',(1.5,-7.49999999999995,7.50000000000003));
#1809=CARTESIAN_POINT('',(1.5,2.69329893962536E-14,7.5));
#1810=CARTESIAN_POINT('',(1.5,7.5,7.49999999999997));
#1811=CARTESIAN_POINT('',(1.5,7.5,-1.49372879250746E-15));
#1812=CARTESIAN_POINT('',(0.,0.,0.));
#1813=CARTESIAN_POINT('',(252.527291544515,67.3529469862699,18.9365794127076));
#1814=CARTESIAN_POINT('',(0.,0.,0.));
#1815=CARTESIAN_POINT('',(0.,0.,0.));
#1816=CARTESIAN_POINT('',(0.,0.,0.));
#1817=CARTESIAN_POINT('',(1.800012,-9.000012,-10.));
#1818=CARTESIAN_POINT('',(-1.800012,7.5,-12.000012));
#1819=CARTESIAN_POINT('',(-1.800012,-9.000012,10.));
#1820=CARTESIAN_POINT('',(-1.800012,-7.5,12.000012));
#1821=CARTESIAN_POINT('',(1.5,-9.000012,-12.000012));
#1822=CARTESIAN_POINT('',(-1.5,-9.000012,12.000012));
#1823=CARTESIAN_POINT('',(-1.5,3.498885E-14,5.));
#1824=CARTESIAN_POINT('',(1.5,2.57925287223879E-16,5.));
#1825=CARTESIAN_POINT('',(-1.5,-3.484082E-14,-5.));
#1826=CARTESIAN_POINT('',(1.5,-3.40266491130603E-14,-5.));
#1827=CARTESIAN_POINT('',(-1.5,-7.5,-10.));
#1828=CARTESIAN_POINT('',(-1.5,7.5,-10.));
#1829=CARTESIAN_POINT('',(1.5,7.5,-10.));
#1830=CARTESIAN_POINT('',(1.5,-7.5,-10.));
#1831=CARTESIAN_POINT('',(-1.5,7.5,10.));
#1832=CARTESIAN_POINT('',(1.5,7.5,10.));
#1833=CARTESIAN_POINT('',(-1.5,-7.5,10.));
#1834=CARTESIAN_POINT('',(1.5,-7.5,10.));
#1835=CARTESIAN_POINT('',(-1.5,3.513688E-14,5.));
#1836=CARTESIAN_POINT('',(1.5,0.,5.));
#1837=CARTESIAN_POINT('',(-1.5,-3.469279E-14,-5.));
#1838=CARTESIAN_POINT('',(-1.5,4.99999999999997,-5.00000000000003));
#1839=CARTESIAN_POINT('',(-1.5,5.,-3.49989516997868E-14));
#1840=CARTESIAN_POINT('',(-1.5,5.00000000000003,4.99999999999996));
#1841=CARTESIAN_POINT('',(-1.5,3.469279E-14,5.));
#1842=CARTESIAN_POINT('',(1.5,-3.469279E-14,-5.));
#1843=CARTESIAN_POINT('',(-1.5,-3.469279E-14,-5.));
#1844=CARTESIAN_POINT('',(1.5,0.,5.));
#1845=CARTESIAN_POINT('',(1.5,5.00000000000002,5.));
#1846=CARTESIAN_POINT('',(1.5,5.,-1.63471836695906E-14));
#1847=CARTESIAN_POINT('',(1.5,4.99999999999998,-5.00000000000003));
#1848=CARTESIAN_POINT('',(1.5,-3.2694367339181E-14,-5.));
#1849=CARTESIAN_POINT('',(1.5,7.73775861671639E-16,5.));
#1850=CARTESIAN_POINT('',(1.5,-4.99999999999998,5.));
#1851=CARTESIAN_POINT('',(1.5,-5.,1.77332829308358E-14));
#1852=CARTESIAN_POINT('',(1.5,-5.00000000000002,-4.99999999999997));
#1853=CARTESIAN_POINT('',(1.5,-3.469279E-14,-5.));
#1854=CARTESIAN_POINT('',(-1.5,3.513688E-14,5.));
#1855=CARTESIAN_POINT('',(-1.5,-4.99999999999996,5.00000000000003));
#1856=CARTESIAN_POINT('',(-1.5,-5.,3.54430416997868E-14));
#1857=CARTESIAN_POINT('',(-1.5,-5.00000000000003,-4.99999999999996));
#1858=CARTESIAN_POINT('',(-1.5,-3.513688E-14,-5.));
#1859=CARTESIAN_POINT('',(-1.5,-7.5,-10.));
#1860=CARTESIAN_POINT('',(-1.5,7.5,-10.));
#1861=CARTESIAN_POINT('',(-1.5,7.5,-10.));
#1862=CARTESIAN_POINT('',(1.5,7.5,-10.));
#1863=CARTESIAN_POINT('',(1.5,7.5,-10.));
#1864=CARTESIAN_POINT('',(1.5,-7.5,-10.));
#1865=CARTESIAN_POINT('',(1.5,-7.5,-10.));
#1866=CARTESIAN_POINT('',(-1.5,-7.5,-10.));
#1867=CARTESIAN_POINT('',(-1.5,7.5,-10.));
#1868=CARTESIAN_POINT('',(-1.5,7.5,10.));
#1869=CARTESIAN_POINT('',(-1.5,7.5,10.));
#1870=CARTESIAN_POINT('',(1.5,7.5,10.));
#1871=CARTESIAN_POINT('',(1.5,7.5,10.));
#1872=CARTESIAN_POINT('',(1.5,7.5,-10.));
#1873=CARTESIAN_POINT('',(-1.5,7.5,10.));
#1874=CARTESIAN_POINT('',(-1.5,-7.5,10.));
#1875=CARTESIAN_POINT('',(-1.5,-7.5,10.));
#1876=CARTESIAN_POINT('',(1.5,-7.5,10.));
#1877=CARTESIAN_POINT('',(1.5,-7.5,10.));
#1878=CARTESIAN_POINT('',(1.5,7.5,10.));
#1879=CARTESIAN_POINT('',(-1.5,-7.5,10.));
#1880=CARTESIAN_POINT('',(-1.5,-7.5,-10.));
#1881=CARTESIAN_POINT('',(1.5,-7.5,-10.));
#1882=CARTESIAN_POINT('',(1.5,-7.5,10.));
#1883=CARTESIAN_POINT('',(0.,0.,0.));
#1884=CARTESIAN_POINT('',(252.527291544515,100.35294698627,18.9365794127076));
#1885=CARTESIAN_POINT('',(183.674344558246,-162.164025185799,68.9365794127076));
#1886=CARTESIAN_POINT('',(183.674344558246,-184.664025185799,81.9269604694743));
#1887=CARTESIAN_POINT('',(183.674344558246,-184.664025185799,55.9461983559411));
#1888=CARTESIAN_POINT('',(64.6367336412838,125.,282.527291544515));
#1889=CARTESIAN_POINT('',(115.363266358716,25.0000000000001,282.527291544515));
#1890=CARTESIAN_POINT('',(0.,0.,0.));
#1891=CARTESIAN_POINT('',(0.,0.,0.));
#1892=CARTESIAN_POINT('',(0.,0.,0.));
#1893=CARTESIAN_POINT('',(0.,0.,0.));
#1894=CARTESIAN_POINT('',(-6.00001200000003,-6.00001200000002,-100.));
#1895=CARTESIAN_POINT('',(-6.00001200000004,-6.00001200000002,100.));
#1896=CARTESIAN_POINT('',(5.,7.40154220272993E-16,100.));
#1897=CARTESIAN_POINT('',(5.,3.31938620557214E-16,-100.));
#1898=CARTESIAN_POINT('',(-5.,-3.4174675779727E-14,-100.));
#1899=CARTESIAN_POINT('',(-5.,-3.45828913794428E-14,100.));
#1900=CARTESIAN_POINT('',(5.,0.,100.));
#1901=CARTESIAN_POINT('',(5.,0.,-100.));
#1902=CARTESIAN_POINT('',(5.,0.,-100.));
#1903=CARTESIAN_POINT('',(5.,5.00000000000002,-100.));
#1904=CARTESIAN_POINT('',(-1.63471836695906E-14,5.,-100.));
#1905=CARTESIAN_POINT('',(-5.00000000000003,4.99999999999998,-100.));
#1906=CARTESIAN_POINT('',(-5.,-3.2694367339181E-14,-100.));
#1907=CARTESIAN_POINT('',(-5.,-3.491483E-14,-100.));
#1908=CARTESIAN_POINT('',(-5.,-3.491483E-14,100.));
#1909=CARTESIAN_POINT('',(-5.,-3.491483E-14,100.));
#1910=CARTESIAN_POINT('',(-5.00000000000003,4.99999999999998,100.));
#1911=CARTESIAN_POINT('',(-1.85676463304096E-14,5.,100.));
#1912=CARTESIAN_POINT('',(5.,5.00000000000002,100.));
#1913=CARTESIAN_POINT('',(5.,2.22046266081898E-15,100.));
#1914=CARTESIAN_POINT('',(5.,0.,100.));
#1915=CARTESIAN_POINT('',(5.,-4.99999999999998,100.));
#1916=CARTESIAN_POINT('',(1.69595070691641E-14,-5.,100.));
#1917=CARTESIAN_POINT('',(-4.99999999999997,-5.00000000000002,100.));
#1918=CARTESIAN_POINT('',(-5.,-3.39190141383284E-14,100.));
#1919=CARTESIAN_POINT('',(-5.,-3.491483E-14,-100.));
#1920=CARTESIAN_POINT('',(-4.99999999999996,-5.00000000000002,-100.));
#1921=CARTESIAN_POINT('',(1.79553229308358E-14,-5.,-100.));
#1922=CARTESIAN_POINT('',(5.,-4.99999999999998,-100.));
#1923=CARTESIAN_POINT('',(5.,9.95815861671642E-16,-100.));
#1924=CARTESIAN_POINT('',(0.,0.,0.));
#1925=CARTESIAN_POINT('',(130.528772079799,176.75201746353,100.));
#1926=CARTESIAN_POINT('',(130.528772079799,176.75201746353,186.5));
#1927=CARTESIAN_POINT('',(130.528772079799,176.75201746353,13.5));
#1928=CARTESIAN_POINT('',(190.,-101.752017463529,-70.5287720797986));
ENDSEC;
END-ISO-10303-21;
